path,sha256,bytes,copy_status
.gitignore,a440f236cb4660c28a6d459599c9f684f8ded655af1a3ecbc4a69b6b6b4b42d2,4893,added_for_public_release
code/00_common.py,f6cab55f38604bc96a2a9981b10c09f69e437a3036b098f29f342b95d267a2de,4203,identical
code/01_audit_prepare.py,c2f2ff760588b17a4e125effd37550d23744738ab336448dbceaa5e66b1ec85d,9720,identical
code/02_run_ridge.py,ae0a9257d15142af42528cb4dd981a33d8b93935c2d28279ddd4afe4448a6dac,5610,identical
code/03_train_neural.py,44a60a80b86273d69c8059f22fc7b13db34236cf024a441a9375b429a11020ec,13959,identical
code/07_prepare_lesion_csv.py,a78e7c65bebb9a85b8e61ec37a739a2496473f5675c152871ea394660874919c,3866,identical
code/40_audit_sciencedb_dataset.py,07eff9798a6848a31ec50a33b9a652b75e4d0525f02e7f7b0647d18287e28c2b,4489,identical
code/41_interpolate_sciencedb_metrics.py,5e1f47a27f73e75ed03279c247221c5c2f7e523b9fbe27809e962646d1bfd917,4423,identical
code/42_external_test_sciencedb.py,55163afbc0e3749d64c47511891d037d78bcad45c053d59482a1dcbae752d1c4,8178,identical
code/43_fit_sciencedb_metrics.py,de684e3824931085d01ea2b89b6f6e9e629311556e52da2bd939d1bde14b32aa,6501,identical
code/46_extract_sciencedb_bn_jhu_metrics_qc.py,d80cc17f22717531362128b8791d1361fd6f7c4ed11c39edbc73c11ff4f6fdf5,9023,identical
code/51_leave_one_te_out_base_models.py,cc92c068ffdb9990cd5daf5a84256093f9de3b62456a0507c7b90184b7a110a5,8467,identical
code/52_summarize_base_leave_one_te_out.py,e6de9fdbd9f6533bd1cc6433fb76d977fcca68cd255cec543e1674ce1802a70a,2838,identical
code/60_prepare_incomplete_te_matrix.py,15ba7f98820fe7b57ef7688261c3213e289d7c8887e3508813dc92548e4aac45,4335,identical
code/61_masked_te_pretrain_itransformer.py,80f97d97b4daf3c9852a566c2bc05bbc68632d26f14fd020b4e8513ff12831a2,15856,identical
code/73_train_extra_models.py,a318a37f40b6754bf6a68496b65575bcada62f95b370a8df73a5ec97e5c1e583,17954,identical
code/74_extra_leave_one_te_out.py,7d886a02403839dcec6dfebfb8058bb0db956325a3734e19b28ec319a2804a11,9294,identical
code/76_masked_te_pretrain_extra_models.py,783278be93cf49aa98fbad186f235e95436ae631738891f00341d736f5c0d098,16002,identical
code/81_masked_te_pretrain_base_models.py,d31679a3c106d096c516ae8b3060bb300d850519ec6ae5d37d95c1121c49fcb3,10649,identical
code/83_test_subexperiment_significance.py,2db3e8ffc5e3829a888eeaced4efb8bf86292a976092207f9edb87bed0c51810,10176,identical
code/87_export_loso_target_predictions.py,0ee87edbb9ca3e82520111156e7c8714398b4177c6119d73aa6c706fe18cde02,8947,identical
code/88_make_remaining_figures.py,a9e3395456dc0dfeeaef23cb3e3f1a9433c14016a3148a60e1c77bf56137f98b,7251,identical
code/89_minimum_te_ablation.py,8b1442a55878006b1f8dd422ae36153e84c4b116debcf0262a2ead1f9e1bb17e,3783,identical
code/90_two_te_pair_ablation.py,7da009caafd53fda03c18fb37d908c603a79542bc710bf94304d0483f17d2965,9194,identical
code/91_pretraining_matched_control.py,dd0e7c20b98a17a5c19062d9808f8368f945c0ac0f168f82f26a2785108e2a7d,10792,identical
code/clean_code/00_build_clean49_manifest.py,4c6b60986828c6c2e2b4d2ec60ae6d9d73274dcd7953de9e5673d0e436e62fbf,1537,identical
code/clean_code/01_train_table1_clean49.py,84358b535096cf4c092fd2033aef4f17a1392881579e3b477a447955b8ccb2a7,14891,identical
code/clean_code/02_summarize_table1_s1.py,f32481574f9e2050c67c35f6309941f8092e2b49484c3f3c5814d319462dd1c8,6762,identical
code/clean_code/03_make_figure2_clean49.py,701537c1667a8e0bdbc00c851a2cf28e24dce04cc5322d122dd525e6a871d340,6466,identical
code/clean_code/04_recompute_roi_disease_clean49.py,e569fda4b313ea016d5980f8d3877d9b1216f07c1d24a16c4696a8bb46f03430,20799,identical
code/clean_code/05_linear_extrapolation_clean49.py,0065b1c3d569171973abdb55f073a857c14a459a26bfc60fc36621eaf5b34584,8870,identical
code/clean_code/06_prepare_lesion_clean42.py,cae35c9dd9d7a995d8d13455cd5c617c7f29f3757d3b9f87b435c3fa5a26c1bf,4831,identical
code/clean_code/07_summarize_s3_models.py,3398a21dbfe4fa59d56317b5104b00819daf7345ff00205a1e3d623b43b8b795,1811,identical
code/clean_code/08_sciencedb_external_clean49.py,71103543e7bdbe55be237db2d8927a6771daca84e0138e96e137987e681fdcb1,6528,identical
code/clean_code/08_update_figure4_clean49.py,3c824176d7a2a0f6cf03d2615aee40d1dd91f7e653a2bc4f0184d587b3faeaa1,5765,identical
code/clean_code/09_summarize_sciencedb_clean49.py,b0ddefa60665f8186c31b09d3cf06234132de67aed1f5ffd1d4c543145f30809,898,identical
code/clean_code/10_native_unit_all38.py,d28802e1fdcb09a41a1cbc9cd42e59c106e361d30639e72bb5673c5c2a1f14e1,14176,identical
code/clean_code/11_metricwise_standardized_mae.py,1ea6a522a8222cfc0f19e7e411d72dc010f4a4dc71dd36937d8a1f1428a823a6,10940,identical
code/clean_code/12_wmti_gm_sensitivity.py,2982badd4a929d12b47920afd8b44c884ba7d4cc0eb5c5c2a7cbb900f6e2918f,15608,identical
code/clean_code/13_population_template_baseline.py,a8ebfa7303877a73a9d25a34d7fcb42dda3d2a05df2fa85f17a047ca0f53e371,34822,identical
code/clean_code/14_train_wmti_gm_exclusion_retrain.py,4bc029bef833eb22a50c8409b6384cc2a680f55c60b9fc65aeaae98ec2e13167,24621,identical
code/clean_code/15_summarize_wmti_gm_exclusion_retrain.py,b7c29fc6137251f8e4ee9955a2e59de9143f7f4a03d928ad06caa52889166105,11614,identical
code/clean_code/16_train_kernel_sensitivity_clean49.py,4d66f99b32d44df4494397bdc5de2c841fa5100a55008bb972af95d3bd21e738,25954,identical
code/clean_code/17_summarize_kernel_sensitivity_clean49.py,c72651743aef9595b70a97e0e4c5267be431ff723388991c03083e73d20a4be2,19563,identical
code/clean_code/README.md,07e26b01c04f0956779fba06a7cdcd012fcaa6883f901c1b51cda40e40980231,7141,identical
code/clean_code/run_kernel_sensitivity_clean49_2gpu.sh,6a251c4b97aaa3132ce6f355588b33496012ed5000f161960bb57e0d4b0aa929,3527,identical
code/clean_code/run_linear_extrapolation_clean49.sh,294dd8fc600f8bbc018c5fba3392894a8fdc9ec29f9e3883676757948416afca,488,identical
code/clean_code/run_s3_lesion_clean42.sh,ed7976c53f98e0a391fe5d2a27ecd3c468729a1976ef95f3621c95c7586c7a75,1190,identical
code/clean_code/run_s3_sciencedb_clean49.sh,5d1a5ab21a9dfaed52700e60fd962fd8f982af1dc955a134e559e237d4571539,1124,identical
code/clean_code/run_table1_clean49.sh,8e72625d44efe069178cbef5764a502baca1cfaad8676838f271a3244495b18c,1421,identical
code/clean_code/run_wmti_gm_exclusion_retrain.sh,ef4d382c04088d1c381117ab801acc9e847945fccf31ac3c531985411d92ccb8,1788,identical
config.json,90a23a0883bcb7b15bde78ab7997c24f65ee2d358ef95aba690b4b98102718aa,567,identical
config_lesion.json,4aced35efa0ad5420fdd330edc8c96cefb2b012e6f0b6df2683e75f7987dae72,596,identical
config_lesion_clean42.json,9d5a44cb791911eb506eedb5699fb79d2728cc5b20280a464c263589629bbdf8,718,identical
data/raw/BN_JHU_roi_mapping.csv,29128cc1819e697a8ec6fa4d8d66f3f67d479fa6076742ae8ea4f98bcaf67e92,11145,identical
data/raw/lesion_roi_mapping.csv,ccbc4a3bed095d96c07dd1aadf19bb8a32c35e2e834e0e87d7fe25972725968f,67,identical
docs/PROCESSING_PROVENANCE.md,2989975238bb8c00c1e66d45d2eade3bb37b15727488ad9fdc2f1f208ddcb0fa,5932,added_for_public_release
docs/RELEASE_VALIDATION.md,9985036fa1bd0ae5cca637cb007ed3d2a94ebfae2371a2c7266332128439fa76,972,added_for_public_release
docs/run_settings/dlinear/run_settings.json,e8e375c1402ca204e4801c0e7a29d694c1a057818dcae55fa21f2067ba90d5a4,701,added_for_public_release
docs/run_settings/itransformer/run_settings.json,204799f63a06dfa059c6c3223cf8043c11babba4dd7131c24de4587c37dafc68,706,added_for_public_release
docs/run_settings/mole/run_settings.json,0611e1103a3e0ae8fca4e3539f937f88fbcb1075394e5fa0d5b79690d76c2d3f,698,added_for_public_release
docs/run_settings/timesnet/run_settings.json,6a4c2b173dbb7b28f4b0597576590df8984b2ee78824725726fcda1c75db4b98,702,added_for_public_release
environment.yml,eb07feeda36605c3b8e0b41c412439925b00a049dcc3f53acaa26814549eed4f,306,identical
environment_dipy_server.yml,6b7f270607866fe7b826f3ec878d6e7fb11d7e972e0cccc1d283ab3e9c28c1e3,2023,release_document_or_environment_edit
environment_mte_server.yml,985b5660d1a2ef25dae65e3f8cc27afa2d53edc5c001b91fa0e3f83db7b4371c,1282,release_document_or_environment_edit
external_repos/iTransformer/.gitignore,55e3c68ce8d71bd78c6f5294e1d08ae6679638b3ca40eb224e58e08e4fc9a043,1941,identical
external_repos/iTransformer/data_provider/__init__.py,e3b0c44298fc1c149afbf4c8996fb92427ae41e4649b934ca495991b7852b855,0,identical
external_repos/iTransformer/data_provider/data_factory.py,ad3e868952fb208069dfadf756dc62604674a1ed9fcbc0000e00360332401d45,1553,identical
external_repos/iTransformer/data_provider/data_loader.py,7a105bfa86854ce8b0639a710a9ad70f9062c17cbade2659ac2012b2b4c556c7,19978,identical
external_repos/iTransformer/experiments/exp_basic.py,a9359ef6e1a610730cc2b898a5718c79437dade6d5568f14b22b6f8da9fb3f94,1480,identical
external_repos/iTransformer/experiments/exp_long_term_forecasting.py,c45efcf8c41103405c1c4558583943b7c9d6d07789acc8280c8193b3cd80963f,14751,identical
external_repos/iTransformer/experiments/exp_long_term_forecasting_partial.py,73855340839099b6846addc1c36d9412383a8a1cf725fd568833855a96d1566d,19611,identical
external_repos/iTransformer/layers/__init__.py,e3b0c44298fc1c149afbf4c8996fb92427ae41e4649b934ca495991b7852b855,0,identical
external_repos/iTransformer/layers/Embed.py,cb1b8934d87659e656e6c92ba6290c4a76fbfb88389527ce43766c5b8cfd46ed,5267,identical
external_repos/iTransformer/layers/SelfAttention_Family.py,155f104d30a8576639a185efdb3b27a294d55147dfa17feaeaddbb965394c550,13180,identical
external_repos/iTransformer/layers/Transformer_EncDec.py,eed892a31468b1142777420f4b7ecb8cdbae020d835bbdd59a045c99bbe986df,5050,identical
external_repos/iTransformer/LICENSE,e57c6daecaa62d6739d0b9c5db07f01b69349ae86a4cb7690d22bf4c121febc1,1105,identical
external_repos/iTransformer/model/__init__.py,e3b0c44298fc1c149afbf4c8996fb92427ae41e4649b934ca495991b7852b855,0,identical
external_repos/iTransformer/model/Flashformer.py,7e76e851e8c1efe7d3006d74f90daa502bf6a3903ff5617f29538fa0d1c58a92,3306,identical
external_repos/iTransformer/model/Flowformer.py,18fded3487faf29f3a88f77a8213eec33e55c80f5cc58060b936b3f1e46f104f,3465,identical
external_repos/iTransformer/model/iFlashformer.py,844a28c52330df1a631b5b2334107092a4694a2e92aca9fc7e9f6da8fb0c80d8,2836,identical
external_repos/iTransformer/model/iFlowformer.py,955b0d2c4a735cbdbe262cab56a32a45ef23ac20fed37899661184162363ae5d,2730,identical
external_repos/iTransformer/model/iInformer.py,0f80e7d19e4abb7e4ccd8abf264643b523a8fbf78af5012935fd9d4c6ba5acb1,2835,identical
external_repos/iTransformer/model/Informer.py,7e76408e92f3fd3578de58dc301137b22a15b901b067717d58b9fcd5af629e29,3636,identical
external_repos/iTransformer/model/iReformer.py,cc5f9e441be93751b458d13a707a85899300a1fdbfb1d0cab68e2e7ccc7be87c,2701,identical
external_repos/iTransformer/model/iTransformer.py,b89cebca695824ba1c074923527614f7fa5326d8dae884a3efa8f87aa9431be7,3498,identical
external_repos/iTransformer/model/Reformer.py,d22a81963e23f3044d55cae6cd535a3dd5242d29c0c3377f630940b0176ec6e4,2474,identical
external_repos/iTransformer/model/Transformer.py,e6ca2e5cb406c49ca9106b33e2e5e58dc5592769cbea7a84dea126876fa98cc8,3551,identical
external_repos/iTransformer/README.md,b39e1acb221611077b495491d726517e09640e2afad4fd387a148e5fcf42e5a3,7306,identical
external_repos/iTransformer/requirements.txt,f5c17fa2e0ecce4a28f63aede2a7f59ae7bb5f13e02ecb90d02da2cf56ebb5da,109,identical
external_repos/iTransformer/run.py,a421713367efa63ddcee4b4a4dd892beab2de4a7d4e30db011e3750c869581cf,9319,identical
external_repos/iTransformer/scripts/boost_performance/ECL/iFlowformer.sh,bb15ea01667322a64bf1aa3059846c646333f6ea92e04fbaa4e28b3c4652a8c9,1448,identical
external_repos/iTransformer/scripts/boost_performance/ECL/iInformer.sh,7c69350a7d6b79c690f09a18f2b30b4e9678ef5165e87485611e55195e3f9751,1444,identical
external_repos/iTransformer/scripts/boost_performance/ECL/iReformer.sh,af84404931c94c1a94ee212b45a2c0a9037ad9a54c5bff98c518532248409453,1444,identical
external_repos/iTransformer/scripts/boost_performance/ECL/iTransformer.sh,71ab3afac899ef9c4ea59d0dd598de43fc2d503c7c8c7d5086d0e1d194fb0f65,1450,identical
external_repos/iTransformer/scripts/boost_performance/README.md,e6d81499959fa61f79892d2c8bf7d263bc4839ee5e0192da5f5ed94c3291e99d,1373,identical
external_repos/iTransformer/scripts/boost_performance/Traffic/iFlowformer.sh,35548da433cf20b199d94e6985e59624399492e1813c9c858bc148d931b3ef1d,1520,identical
external_repos/iTransformer/scripts/boost_performance/Traffic/iInformer.sh,d6eab639dee211d6017b03c79dc5497854e9cb25fb7bd73546473e6ac9359bb9,1516,identical
external_repos/iTransformer/scripts/boost_performance/Traffic/iReformer.sh,c6919e708751e843ea298f364bb5d5b3c9075c2dccc66373a71bb168d28dd8a5,1516,identical
external_repos/iTransformer/scripts/boost_performance/Traffic/iTransformer.sh,0c19ea3f44dfadbc7a75d67b720c8a9983cfafcb777fcd0ebdd7bcdecbc9446a,1521,identical
external_repos/iTransformer/scripts/boost_performance/Weather/iFlowformer.sh,64f733c9f129f036704f20ed2a4f5f351f613eeb9c32150d2a3ef300fcb36d45,1530,identical
external_repos/iTransformer/scripts/boost_performance/Weather/iInformer.sh,1cb112904f9bc3686f2c27ca48f6dc816e0968a06bcc77bd031936ef21724c58,1525,identical
external_repos/iTransformer/scripts/boost_performance/Weather/iReformer.sh,7e76cad111d835ad10f2bf99f1c3ffa1fdb0d32142b263dcbca08861a5e80013,1525,identical
external_repos/iTransformer/scripts/boost_performance/Weather/iTransformer.sh,e8cb85cc99560173eb1b1dddfd5f7ce3b02b72275d031fd8da96f861dabb0953,1531,identical
external_repos/iTransformer/scripts/increasing_lookback/ECL/iFlowformer.sh,62daecf06c18f0f50c5c1d074dcd99d8be96f3704ab272e9b6ea4c46927f584c,2206,identical
external_repos/iTransformer/scripts/increasing_lookback/ECL/iInformer.sh,4e371424a752144c885507af02082043c9e905f44d1f62644d048c8dc1028caa,2204,identical
external_repos/iTransformer/scripts/increasing_lookback/ECL/iReformer.sh,e66d1d3000f512f275fb77b856e138d6129964bba0ff73e7c08f9ed159e63ef7,2204,identical
external_repos/iTransformer/scripts/increasing_lookback/ECL/iTransformer.sh,00841a809f43cbd00c58df8eddd392cdb977991bb61c5de22c5d370ad6ac3262,2210,identical
external_repos/iTransformer/scripts/increasing_lookback/README.md,3e679b579f8c1a11bb5d35844e8777f5ec029f303caeda63937d81437521e4ac,927,identical
external_repos/iTransformer/scripts/increasing_lookback/Traffic/iFlowformer.sh,1f255bd50f50d4c6afc0d21dbece2f4d4e4895aac1500d2ad84ad8717775647d,2183,identical
external_repos/iTransformer/scripts/increasing_lookback/Traffic/iInformer.sh,497d3323a16f0c3c3cb187692c5fc583c218ff7f176e83c25167311da12a50c7,2179,identical
external_repos/iTransformer/scripts/increasing_lookback/Traffic/iReformer.sh,5cb4812186c94424e914250905f11b3a43d5ca9953b84d464f14dcdb41885b62,2177,identical
external_repos/iTransformer/scripts/increasing_lookback/Traffic/iTransformer.sh,e32a4259203192c5f67ebefcc41b57a8e44ee619961868c4940d04ab692e01bd,2183,identical
external_repos/iTransformer/scripts/model_efficiency/ECL/iFlashTransformer.sh,b93b281e86d9e7d1cb9038fa459e31957d92f9787738c428de3f2d8b9bbe9b59,3248,identical
external_repos/iTransformer/scripts/model_efficiency/README.md,bdb64bb5bb208132eaa119d51555ac2ae1c10333303ebf6856ecd1d2fe6df796,2800,identical
external_repos/iTransformer/scripts/model_efficiency/Traffic/iFlashTransformer.sh,70adfdf4c8b6f996d6cbdb0faccdf4b974f12bbb18ba3877e35cc224f43cf619,3392,identical
external_repos/iTransformer/scripts/model_efficiency/Weather/iFlashTransformer.sh,484d0f72b899c2405dcaed99ed526616fb4581ce379ce917977370f04665b016,3410,identical
external_repos/iTransformer/scripts/multivariate_forecasting/ECL/iTransformer.sh,8d451dfcd83758f9653a54fb830b42e867716d005a5efe79a6ceb1bb664319cd,1762,identical
external_repos/iTransformer/scripts/multivariate_forecasting/ETT/iTransformer_ETTh1.sh,b6b8f5158dae9b303fc24e164992f5047530ba9c4920b52cda0eb8fcd0b6bcbe,1510,identical
external_repos/iTransformer/scripts/multivariate_forecasting/ETT/iTransformer_ETTh2.sh,9caded6109256431ff87e7e7d824cfb1e296040f01f6b9b1a68863af29335159,1510,identical
external_repos/iTransformer/scripts/multivariate_forecasting/ETT/iTransformer_ETTm1.sh,c35402d51672822c08be57bc7834d025c5c12e929996229cbdf7e45a3f5b4721,1510,identical
external_repos/iTransformer/scripts/multivariate_forecasting/ETT/iTransformer_ETTm2.sh,552836544527735de10f8440bcbb599c0fec760a5cf750dba352566a71823086,1510,identical
external_repos/iTransformer/scripts/multivariate_forecasting/Exchange/iTransformer.sh,cf08c4de51207ff4a770468d111f962ebffa262d85dbdc8dbe7e450d5b5b5c8e,1596,identical
external_repos/iTransformer/scripts/multivariate_forecasting/PEMS/iTransformer_03.sh,bca3c784cb418369ecf97bf682423927e33b3bd7ea974501f25b63f1e333847d,1624,identical
external_repos/iTransformer/scripts/multivariate_forecasting/PEMS/iTransformer_04.sh,76037a8f34e4fea49b5697f3eb0319dca81034c83d6402fa9e7980481c712942,1706,identical
external_repos/iTransformer/scripts/multivariate_forecasting/PEMS/iTransformer_07.sh,2417778a21de5637910d393dc5b6e21387c2c27ab4c4d44393f19dfacc70046c,1734,identical
external_repos/iTransformer/scripts/multivariate_forecasting/PEMS/iTransformer_08.sh,2e5e5e1b7320a9c2f551196bf8686e89a4e34c68dbfaceec2fcd7f1d20b41e62,1680,identical
external_repos/iTransformer/scripts/multivariate_forecasting/README.md,ebd9a56863cef2fa7aa6bb82b39ed0b2637160f9e422ed1f8267998af72705df,2171,identical
external_repos/iTransformer/scripts/multivariate_forecasting/SolarEnergy/iTransformer.sh,c43ae47e4d94eb78e84b0773b61c3f050929f55795e491b89008ca7258f91d21,1644,identical
external_repos/iTransformer/scripts/multivariate_forecasting/Traffic/iTransformer.sh,a05b553da76f3875672191687adbaa0e27476d7cac3643436ea9a8141c497967,1735,identical
external_repos/iTransformer/scripts/multivariate_forecasting/Weather/iTransformer.sh,283985ca4736a5907dae2641193ad27ae8e4f6ef23dd59947c0e60de55e640d4,1532,identical
external_repos/iTransformer/scripts/variate_generalization/ECL/iFlowformer.sh,4ea2bea105c83a63fb21c3bffcd3fda74d6937fcee3c8a008629b28bbd4d7d90,1838,identical
external_repos/iTransformer/scripts/variate_generalization/ECL/iInformer.sh,c1a8df6baa2ec9a3f707d5f59a12a2323464715e3f5e012b0323626c145aefa4,1832,identical
external_repos/iTransformer/scripts/variate_generalization/ECL/iReformer.sh,0e495d7b1c3755a3da8f7fbf83f5953dd8bf16fdd2e44fffa43b9fd8174f839e,1832,identical
external_repos/iTransformer/scripts/variate_generalization/ECL/iTransformer.sh,ebf8fc98facc7e94f486244fd9f5b4850a818e11c0a8a7c4c216013784f4cd6b,1885,identical
external_repos/iTransformer/scripts/variate_generalization/README.md,3df7a182c69aad69a2bfd6277ebf4c7199db4dae1c4acd7e92e3d76288958924,2021,identical
external_repos/iTransformer/scripts/variate_generalization/SolarEnergy/iFlowformer.sh,8ad0fc6b53002d8d036ca94178ae1092d1afe51a824075488c5c9c3aeebf403c,1918,identical
external_repos/iTransformer/scripts/variate_generalization/SolarEnergy/iInformer.sh,232846911d5689b7a4e0de826a401baa1dc33dcbc94740523b67242771d7817d,1914,identical
external_repos/iTransformer/scripts/variate_generalization/SolarEnergy/iReformer.sh,5e19dedfa4cca74bd25482c48da593eb80a535f6ef53ba5a1897beab9ca19ae0,1912,identical
external_repos/iTransformer/scripts/variate_generalization/SolarEnergy/iTransformer.sh,194e41ab2ac92bbd8130e4126a657a9411ec4c72e32a5794f55b69998ec71462,1964,identical
external_repos/iTransformer/scripts/variate_generalization/Traffic/iFlowformer.sh,2d1d40f841d8f9e0b30e5a1c749438dafff116a21bc56ee87974ac4544fea7e5,1828,identical
external_repos/iTransformer/scripts/variate_generalization/Traffic/iInformer.sh,5d0887479b73fe570cf71ca2984b4a59a157d516aeb087590f09167d4472dd51,1824,identical
external_repos/iTransformer/scripts/variate_generalization/Traffic/iReformer.sh,09984a8b5884ee3b3474bdfbf3f545ae08bf037e2a347e1791aca5ec51ecc011,1822,identical
external_repos/iTransformer/scripts/variate_generalization/Traffic/iTransformer.sh,868180c16ad4c698b0db5029301b95613914b31e5fa00ac1933f1dd518fd1179,1878,identical
external_repos/iTransformer/utils/__init__.py,e3b0c44298fc1c149afbf4c8996fb92427ae41e4649b934ca495991b7852b855,0,identical
external_repos/iTransformer/utils/masking.py,c22de70ad076f4eeecc857aba984741da05da54375333399ff2742b041544986,858,identical
external_repos/iTransformer/utils/metrics.py,9f53d0f3f45ec8c206f2d50af8deddbe381548624f82dc927e278dc57c07577d,907,identical
external_repos/iTransformer/utils/timefeatures.py,ec08852581cedb577b42df903c9bc962041c7258bd38a007c71bad94cde1e4a2,4517,identical
external_repos/iTransformer/utils/tools.py,3f74346df4b1fba152afd414c27d58a88dbcbcd10e1d77388f19a282e1714bc0,3511,identical
external_repos/LTSF-Linear/.gitignore,d737a91ccc50ca2d1359eb2f1d1b47d1c5b49ee23374d0a9359ca2e17bfe2784,77,identical
external_repos/LTSF-Linear/data_provider/__init__.py,7eb70257593da06f682a3ddda54a9d260d4fc514f645237f5ca74b08f8da61a6,2,identical
external_repos/LTSF-Linear/data_provider/data_factory.py,83597b169a0f3278d1975c6954328ab9cc947ddb633105df0481f332168024fb,1490,identical
external_repos/LTSF-Linear/data_provider/data_loader.py,a8c62dc68937f2669d23d7520cd13b9f89473118d3a6ded46b1f8973dbf4740f,15459,identical
external_repos/LTSF-Linear/exp/exp_basic.py,b39adb13245b28b783bf1ab91ca1477e58a25dddba83687fdeda102588182e9b,922,identical
external_repos/LTSF-Linear/exp/exp_main.py,274014b50d431ac9b31136003f82e96cf4714c20075faac118a4f58918cba0aa,16023,identical
external_repos/LTSF-Linear/exp/exp_stat.py,ba323d6aeb17830eb042bdb5a3073b0d230a1398d3a14e0e01ed817d21217e69,3503,identical
external_repos/LTSF-Linear/FEDformer/data_provider/data_factory.py,f4da3fab867770085aa9562ee41dd16a01fa4b9ee8e35f3ee1ce03c9b2bbc8eb,1452,identical
external_repos/LTSF-Linear/FEDformer/data_provider/data_loader.py,3188306b28b3c91af9234ae09f8bf684d980bf15e4437fdcd6e46aba34243084,13780,identical
external_repos/LTSF-Linear/FEDformer/exp/exp_basic.py,b39adb13245b28b783bf1ab91ca1477e58a25dddba83687fdeda102588182e9b,922,identical
external_repos/LTSF-Linear/FEDformer/exp/exp_main.py,3b7f0670fd2d05a4b118712fa6e8798db1ffd97cf4b036f0cbb23b334b5617c9,15465,identical
external_repos/LTSF-Linear/FEDformer/layers/AutoCorrelation.py,8da4df7bac663345b26b3667c068c1a83254c1b12381447709b50bb4758cb7fc,9882,identical
external_repos/LTSF-Linear/FEDformer/layers/Autoformer_EncDec.py,c2e68cdce3dd30e3ed46b6043f6659a1fe7f0f7a9e32859a365683adbccd92c4,7811,identical
external_repos/LTSF-Linear/FEDformer/layers/Embed.py,ba498126638680f90b983e20b83f1b79ace4643a5842f6863d9a64bf4088dbde,7312,identical
external_repos/LTSF-Linear/FEDformer/layers/FourierCorrelation.py,dcd0012b4c6a78f227583c4b6b940ae9dc2fc70420aa214992973247b4fdf16b,5895,identical
external_repos/LTSF-Linear/FEDformer/layers/MultiWaveletCorrelation.py,caadcac275c902e06ccd1a38edded5e268217747babf62583115f88a32887919,14153,identical
external_repos/LTSF-Linear/FEDformer/layers/SelfAttention_Family.py,c44464893876cec36b24eead26e11b04acfffd250d43fd4a1028f3069fb8f6ab,7500,identical
external_repos/LTSF-Linear/FEDformer/layers/Transformer_EncDec.py,bb135608273b996c3b656bfb472c7f637ff1b6667c8dbfedea1f0ded0f8ed878,4718,identical
external_repos/LTSF-Linear/FEDformer/layers/utils.py,a033c1523e06b3c67f5c3dd790326dd3ff48dafad527530c8fce77ec3fe163d8,13884,identical
external_repos/LTSF-Linear/FEDformer/LICENSE,9520a81857d408149ad9dd899dc65157cbc51fab34aec81fadcc38e443dde917,1082,identical
external_repos/LTSF-Linear/FEDformer/models/Autoformer.py,8f11fd9112982fc335bd3e9f5c9ec835dd78c7b44612463a1e7f17dabb72485f,4571,identical
external_repos/LTSF-Linear/FEDformer/models/FEDformer.py,391185f8d68d30ced89ccc4713531c4cd96006d35e10b68ccac9e54990bfdf82,11358,identical
external_repos/LTSF-Linear/FEDformer/models/Informer.py,b7fd81e645cc1188a85b651cadfe786dd5ed8fdcfcfdc3059bbfe0f76736f292,3416,identical
external_repos/LTSF-Linear/FEDformer/models/Transformer.py,e4bde69447d876455879073ad2411c203bed800e0946a437386e98bcc9fc6f73,3102,identical
external_repos/LTSF-Linear/FEDformer/README.md,e3d3781316cf9de0b463ce18108107725158ad6f8eade9d1f3c27d07b44b4a0f,1624,identical
external_repos/LTSF-Linear/FEDformer/run.py,bd87659b1221f7bfdde3cc7c54ab4c292638b5e78e91ca0ab6c949b287083045,9316,identical
external_repos/LTSF-Linear/FEDformer/scripts/LongForecasting.sh,99f18ebf69b2eb46e49350942bd27edf7621dd7fc8e089e9891f6f950508cbea,3965,identical
external_repos/LTSF-Linear/FEDformer/scripts/LookBackWindow.sh,a47394666bf8fb0dc266b25c83e92aff0a398cce4128b29d922f6d901aa2d2ea,4895,identical
external_repos/LTSF-Linear/FEDformer/utils/masking.py,f6f8b6b84e43bb8b9d4c753c7c373e0ef9f40703057b682a97114d37c287bd90,1393,identical
external_repos/LTSF-Linear/FEDformer/utils/metrics.py,473fed6642d49887369c8b20aa4f2b6b52b56b5f60ab398e6f90b3ba533581e5,1180,identical
external_repos/LTSF-Linear/FEDformer/utils/timefeatures.py,8789bfdad611ca0501a10d76240438bdbeaaa15a42f3c3d97f359fb2d3f3dc45,3877,identical
external_repos/LTSF-Linear/FEDformer/utils/tools.py,d9e95627f198107c92bafee88a76531000b6c6113e062e4c56918dba0579aad3,2880,identical
external_repos/LTSF-Linear/layers/AutoCorrelation.py,b185cfe3549d4052bb3a9df6aa635dd5b6a2e0849b9432151529c9ebc1e87c09,6703,identical
external_repos/LTSF-Linear/layers/Autoformer_EncDec.py,6e6a67d9a71d02b70d469dac0bbb804180dc556cb366841f32c1a0e71474e93b,6335,identical
external_repos/LTSF-Linear/layers/Embed.py,68208f72a54876252302df6e45860c0c53e12436ebb2555bd48a3b1ae0d313bb,6735,identical
external_repos/LTSF-Linear/layers/SelfAttention_Family.py,c8867e3433842d95cfd342110e93ea8c46d2ab03b8332ff24e77eabcb6b85196,6246,identical
external_repos/LTSF-Linear/layers/Transformer_EncDec.py,bb135608273b996c3b656bfb472c7f637ff1b6667c8dbfedea1f0ded0f8ed878,4718,identical
external_repos/LTSF-Linear/LICENSE,e654fdb6d490c78db974cf7e0feb3101fa20199e59074ce3294faf25cf2e61d9,11601,identical
external_repos/LTSF-Linear/LTSF-Benchmark.md,05fad749f421a57604cb72078a1cf26e621084f5d878138e6dba351bd0c180d1,10966,identical
external_repos/LTSF-Linear/models/Autoformer.py,c97f260661053db39ef5bcd9f51d48dda8afbabcc0e5394292ff6aa2ab5f3764,6286,identical
external_repos/LTSF-Linear/models/DLinear.py,190859fc67db235cdd9c27c7590776f402b59e7b67804b52ee2757715f7fc9e3,3748,identical
external_repos/LTSF-Linear/models/Informer.py,6537d8217c7bf68e1cbf44e7da2cef7163e107c54d5758ad8f207f86b9ba8879,5181,identical
external_repos/LTSF-Linear/models/Linear.py,ccab0e83d78cafdc7639a9a60a5828e76ef8ab1d3601ce71c80d972cebac6515,1305,identical
external_repos/LTSF-Linear/models/NLinear.py,3ff5d7d90acec1f3acc97151f6729c1b0207f0f71e832a7eeb0697dbb247bf69,1396,identical
external_repos/LTSF-Linear/models/Stat_models.py,e1756217ec16cb3b56a986349fa758785dd72d2dde82925948b113ab43414d7b,4068,identical
external_repos/LTSF-Linear/models/Transformer.py,8c1952daef663a2cd7fcb186a82ea5e4f558f71c48035aa1a0471275420c62e0,4889,identical
external_repos/LTSF-Linear/Pyraformer/data_loader.py,f2b435b14bfdffac29452e938ac67a669c918e172d268e87225c08effa23882e,27561,identical
external_repos/LTSF-Linear/Pyraformer/LEGAL.md,34fb66944386f0579cd7cc6d404c9b9f6af99df4e9c784c200d78862bd16941c,578,identical
external_repos/LTSF-Linear/Pyraformer/LICENSE,c223fa11411f4255b74aa56620bed7d230fff0222970778fa900afa7008bb58b,11619,identical
external_repos/LTSF-Linear/Pyraformer/long_range_main.py,6f67d70ae8c6bbfbfff2692c89ed769c598e17413cae69ded3ee1b42d308df05,14376,identical
external_repos/LTSF-Linear/Pyraformer/preprocess_elect.py,ce705c1daa6b6e6a508dd4bbf4ecd5417b82be32dbaf32f140799c48040681ce,4966,identical
external_repos/LTSF-Linear/Pyraformer/preprocess_flow.py,8d284e1e9c7815cdf90fe2a42d54401343ddf3ce3c2dfb3089aa7856a6b2063f,3698,identical
external_repos/LTSF-Linear/Pyraformer/preprocess_wind.py,0a3b94af8721c25e47504499c95a25aa9117c15d5a047f389f5ded80ae54caa5,3457,identical
external_repos/LTSF-Linear/Pyraformer/pyraformer/embed.py,be54f86c78039b484de0b39436d8b868897194a9e9bae81696f71ceeb29f983f,6392,identical
external_repos/LTSF-Linear/Pyraformer/pyraformer/graph_attention.py,bbca0a0209f6db2feec40cbc12a3fc218c26ca8de462a0e5b5403a23c367f88e,22513,identical
external_repos/LTSF-Linear/Pyraformer/pyraformer/hierarchical_mm_tvm.py,061af7d46087592a641af61a78d2fc050bf948a10d5e77de84a2446cb2927f9a,14832,identical
external_repos/LTSF-Linear/Pyraformer/pyraformer/Layers.py,48243569188d93a85b7be7f117b75aa42ba90083d218eab9055466f887d02644,15708,identical
external_repos/LTSF-Linear/Pyraformer/pyraformer/Modules.py,a52fc738e7411794603bc52b4e96b7bebbc533afdfa4ce651a8f871c07468be5,664,identical
external_repos/LTSF-Linear/Pyraformer/pyraformer/PAM_TVM.py,d6bedb7f7f6fa0cc056ef1e6670a5c89015a703fd79f6bfac5111899269e28e8,2407,identical
external_repos/LTSF-Linear/Pyraformer/pyraformer/Pyraformer_LR.py,0fda6f064161bef98ab10b0ffa055e978e7e1b3344bb2ac3d44ff71c76e7d0f2,5153,identical
external_repos/LTSF-Linear/Pyraformer/pyraformer/Pyraformer_SS.py,21b3880bebe88b3eb83af32021ae1b0b1d5cfa541c3bd2cd7a39bb632fc29fb2,3194,identical
external_repos/LTSF-Linear/Pyraformer/pyraformer/SubLayers.py,4f62800130a95380007389cd767e1d9bef938c525f7d87584ce9d1b64791f3b0,3325,identical
external_repos/LTSF-Linear/Pyraformer/README.md,e764b2f7b9fd46ceb70ae9f10fe1588b79d693b402602b7fe7e6b887fdba07c5,5771,identical
external_repos/LTSF-Linear/Pyraformer/requirements.txt,04694688fcdf57166a4a969632fd8f906cf21442edb8c83a51be70e866ddef57,1688,identical
external_repos/LTSF-Linear/Pyraformer/scripts/LongForecasting.sh,9726285651d0986b882eb8a1681f50f6bdd389667fba263dbf3e5bb7413e0fa4,6727,identical
external_repos/LTSF-Linear/Pyraformer/scripts/LookBackWindow.sh,7a9bb6d3f7ea6f530d0793c8ac2faddf0a9ab06985373a10fc27b3cea12e8844,2617,identical
external_repos/LTSF-Linear/Pyraformer/simulate_sin.py,565580128028aae2ca38b34323d3cfbb0dfa8dc5448a8a13088b67ae82f357d9,2983,identical
external_repos/LTSF-Linear/Pyraformer/single_step_main.py,56325bec0351a5f091c186d9cea80182315c62c8b7d6c484025ce415eecd7ac8,10858,identical
external_repos/LTSF-Linear/Pyraformer/utils/timefeatures.py,e96477bcd61ba0dc294ee33fd51defc82e1ab280107ee742924dac3963aad3c9,4665,identical
external_repos/LTSF-Linear/Pyraformer/utils/tools.py,9f1dbd80a243f35711eed88248ac3dea2be3538ca4f3ca856217b2076fe0028f,2759,identical
external_repos/LTSF-Linear/README.md,c5fb6414ea674df1a42339e562651706a1da5052e55d9d698bf66e33e0eaf5e6,8698,identical
external_repos/LTSF-Linear/requirements.txt,f8276667cb14d3fbb9e76302a8b12c477e88410b1c615ae7f072fb381764984a,53,identical
external_repos/LTSF-Linear/run_longExp.py,e175ef7fb75f03e115aad821ff1ec88b9630400fd66fa7a81ed911e5415a8596,9250,identical
external_repos/LTSF-Linear/run_stat.py,e5d1ccf189375cb19176b174c9a31521fb391e9fc2e6cfaf882426919657ece1,3181,identical
external_repos/LTSF-Linear/scripts/EXP-Embedding/Formers_Embedding.sh,a02a9f01f93bd3145b0b82ed2fe2f8a3ca89dd7f51d146faf53f9c277cd3b859,5608,identical
external_repos/LTSF-Linear/scripts/EXP-LongForecasting/Formers_Long.sh,5afddc6983cacf7014ab4b113b553803e3a8ce64ca831fe0ceca67929c0160d2,5107,identical
external_repos/LTSF-Linear/scripts/EXP-LongForecasting/Linear/electricity.sh,c08a2ca7ad9304e77b86ab8151ed0c01da44933128cafde74e287c5dffac80bd,1827,identical
external_repos/LTSF-Linear/scripts/EXP-LongForecasting/Linear/etth1.sh,e3a9b1ae6b3b34cf95079ca7fbb3b0daa968e77e1a5fa4994edd4f33c37e5e4c,1728,identical
external_repos/LTSF-Linear/scripts/EXP-LongForecasting/Linear/etth2.sh,282b84d7914503d7c5e6441b17669a8188f747426e3a74112d6417906e0eb251,1724,identical
external_repos/LTSF-Linear/scripts/EXP-LongForecasting/Linear/ettm1.sh,a9734e3e587a6aa62c21e37b6b4f2f5a5ec8d51e84c8cbac6dc46089113bd5f7,1728,identical
external_repos/LTSF-Linear/scripts/EXP-LongForecasting/Linear/ettm2.sh,05c60a94f46f70944f1a2d23e2baf0da28456c4556abb8c136cfd2f0385b8c58,1728,identical
external_repos/LTSF-Linear/scripts/EXP-LongForecasting/Linear/exchange_rate.sh,b14ee5bee8ce498ab6db4f50a21e5911c6c5eb31fe85c213f4963cfabb636b07,1796,identical
external_repos/LTSF-Linear/scripts/EXP-LongForecasting/Linear/ili.sh,dae77d3a172e0c4a93f5fe5b52c799d7f0d2088577dcaf906f725d8b83e6be95,1884,identical
external_repos/LTSF-Linear/scripts/EXP-LongForecasting/Linear/traffic.sh,dcf912f7d36db57cc1094470d14560a70753c9a508fdd608d3de9f97bfc1ea1a,1774,identical
external_repos/LTSF-Linear/scripts/EXP-LongForecasting/Linear/univariate/etth1.sh,805b0861e2a68b4e127b40df78018c0ab5ba5bb2399725ee01fffa14dff03e18,2531,identical
external_repos/LTSF-Linear/scripts/EXP-LongForecasting/Linear/univariate/etth2.sh,94daedddc0feb17b54a3a4c9202b6b40d5517fd6d1bfcb4563efedc631c9fe33,2531,identical
external_repos/LTSF-Linear/scripts/EXP-LongForecasting/Linear/univariate/ettm1.sh,44014c3a3c53446738149e84f38e79bce1f76c12dd4c73abae7bb33e399c9d3f,1786,identical
external_repos/LTSF-Linear/scripts/EXP-LongForecasting/Linear/univariate/ettm2.sh,ab0df8c3f2e9c450a3b479304e866365e863f13013522fc7269812081dd1a8c0,1790,identical
external_repos/LTSF-Linear/scripts/EXP-LongForecasting/Linear/weather.sh,04578417ecd9fd8d5e0de6d1f46ffdc2b551908f98b364d283ddb6c0467ea4aa,1678,identical
external_repos/LTSF-Linear/scripts/EXP-LongForecasting/Linear-I.sh,4dd989f017575e372095021c22c6f754911080f2f4b795f550fa5052fee8cd71,4291,identical
external_repos/LTSF-Linear/scripts/EXP-LongForecasting/Stat_Long.sh,eda83eb533127493767210dfc0809601374c2c3e092351edb6c19528bde73b55,4229,identical
external_repos/LTSF-Linear/scripts/EXP-LookBackWindow/Formers_LookBackWindow.sh,4548445c510db0c498ce6ee13a47c3af07831c26fad1f37bc856a49d507b19b9,5394,identical
external_repos/LTSF-Linear/scripts/EXP-LookBackWindow/Linear_DiffWindow.sh,613923f983fd2fe9af662d38afd79d5be00b9ec048b1aa0ed5d7bfd085377714,4113,identical
external_repos/LTSF-Linear/utils/masking.py,c22de70ad076f4eeecc857aba984741da05da54375333399ff2742b041544986,858,identical
external_repos/LTSF-Linear/utils/metrics.py,dcfecc6eca34d7761cd3a4c95bf8300da0acb19d6b097fde4da08390513a6c48,995,identical
external_repos/LTSF-Linear/utils/timefeatures.py,8789bfdad611ca0501a10d76240438bdbeaaa15a42f3c3d97f359fb2d3f3dc45,3877,identical
external_repos/LTSF-Linear/utils/tools.py,9b027e61620890ff231f51290e5b3ba58467ad0c5a6f2825d19a7ccc4b8d4529,4021,identical
external_repos/LTSF-Linear/weight_plot.py,7b4cb332c4e83d4702253e41fa7c28d98bd3ae628d3ed0201f593018cb3e3572,1035,identical
external_repos/Time-Series-Library/.gitignore,0221b3e27f42fc894cf8ebaf17412815fe132185596698ed76474bbbb41623dc,2743,identical
external_repos/Time-Series-Library/CONTRIBUTING.md,e422d02bfb1085a5c71476bd767cf0b8be5004b67e5594919956a3fd3de3d444,1516,identical
external_repos/Time-Series-Library/data_provider/__init__.py,7eb70257593da06f682a3ddda54a9d260d4fc514f645237f5ca74b08f8da61a6,2,identical
external_repos/Time-Series-Library/data_provider/data_factory.py,419a532437a55eadbbcd5925b258784ef6f7161702fc797be818fb84236257bb,2717,identical
external_repos/Time-Series-Library/data_provider/data_loader.py,dbc6254b863377a9b3c640f4e1a2a05d144667128763444c463179c3b6f01e38,37289,identical
external_repos/Time-Series-Library/data_provider/m4.py,66db6bf82047eaa9371329d494c6e5d4d7ad67eb02dd293df3404ef9cb461e8b,5421,identical
external_repos/Time-Series-Library/data_provider/uea.py,346752340c0182656207e822b8c83b101260c2be101d48c061eebadf02d564f3,5161,identical
external_repos/Time-Series-Library/docker-compose.yml,0246916e4f99e90ef1f708c4135bf7568aace76088bccd56b31a7d19874dff05,834,identical
external_repos/Time-Series-Library/exp/__init__.py,e3b0c44298fc1c149afbf4c8996fb92427ae41e4649b934ca495991b7852b855,0,identical
external_repos/Time-Series-Library/exp/exp_anomaly_detection.py,f8e995f02d80c210dfee40c7562b4cb382d96e68834d4d50efe6bf7e1c5eb053,8012,identical
external_repos/Time-Series-Library/exp/exp_basic.py,43d52d1f26f75d3ccd7d512213c55fa982e3bdf9683f0d233f49724e86a9d817,3664,identical
external_repos/Time-Series-Library/exp/exp_classification.py,facd4de6737c10ba9d67602faa36a622f9d1584eb7bd064bfd857dbbc472d9da,7647,identical
external_repos/Time-Series-Library/exp/exp_imputation.py,e52198d01bd2d49f92e5057a7c4d427dcee61cf3dda646435b6e739f03184d80,8859,identical
external_repos/Time-Series-Library/exp/exp_long_term_forecasting.py,cbb4ecc5ee60ecbd9a326021b92d90c9d748418f3886f1407dc8cf0b2e68b9a3,11710,identical
external_repos/Time-Series-Library/exp/exp_short_term_forecasting.py,9bf81fa5a020c2f41dd475591603888f3ff3b56341771c046c8ce5709b85729d,10560,identical
external_repos/Time-Series-Library/exp/exp_zero_shot_forecasting.py,457258b4925a1eedd529f2849f97fc7ed4cbc0a459d51ec470edd19d1c93bf95,5926,identical
external_repos/Time-Series-Library/layers/__init__.py,e3b0c44298fc1c149afbf4c8996fb92427ae41e4649b934ca495991b7852b855,0,identical
external_repos/Time-Series-Library/layers/AutoCorrelation.py,80b158d71031505c1e646e1419be5508d14410b8a4f64795b0e784bcdbd24ce6,6625,identical
external_repos/Time-Series-Library/layers/Autoformer_EncDec.py,f69c563c6f7a59ed77769fa26380b583fe63e17a8deb5ee6573a923cccc7d8e7,7034,identical
external_repos/Time-Series-Library/layers/Conv_Blocks.py,3ef9f4dfd5ef52ee42c72c907b270d3a842fe6809b0c7efeee013c52769bdafc,2436,identical
external_repos/Time-Series-Library/layers/Crossformer_EncDec.py,6b279d6a1996254839a570ba50695f8e31d1085639980328dbbb12bddb7bd054,4464,identical
external_repos/Time-Series-Library/layers/DWT_Decomposition.py,dd4c07de6a0a6e5637c2129780bace1c2fb8d734136585130fa92610b79af6ed,48026,identical
external_repos/Time-Series-Library/layers/Embed.py,0a29593e3796b5a3798bd3d37c1150fc2256c559abdee36e83eecd1a05787247,7202,identical
external_repos/Time-Series-Library/layers/ETSformer_EncDec.py,f68d8390bb63f9fac3b4651d6a443290bb0c2dd5e5ad0f0c4af6852ad3f15a9e,11767,identical
external_repos/Time-Series-Library/layers/FourierCorrelation.py,ca54e5328a12dedafec9b6dfbe962e7ecc4e596f67e6cce7fc099e53d909f3b7,7685,identical
external_repos/Time-Series-Library/layers/MambaBlock.py,4e0f36b4a670b1af5989bb54f1668ae93ec9d090260dca82fc65cef029b3b264,18647,identical
external_repos/Time-Series-Library/layers/MSGBlock.py,dcb408f0fd15235c6ea3a1c65e06d0fbf018b805812b3998454cdade3e655b6b,10226,identical
external_repos/Time-Series-Library/layers/MultiWaveletCorrelation.py,49d34c949882d4a00345f31f1fbd7be00060525b0d5b488a87bb474128dab8a8,23626,identical
external_repos/Time-Series-Library/layers/Pyraformer_EncDec.py,6bf671b660f71ca23825cb5ad26cbf58998fd1aa7bbaa3bf36537ece5c965302,7651,identical
external_repos/Time-Series-Library/layers/SelfAttention_Family.py,0fea961b640b1a7db471df2e389abfb843ce8e5767aca5af141ee22dd43be66f,12303,identical
external_repos/Time-Series-Library/layers/StandardNorm.py,42c0d7f8019d899e1dac23ffc81fd2e08763f7d824142a3e29842fc3847c5e15,2252,identical
external_repos/Time-Series-Library/layers/TimeFilter_layers.py,ed0e14abd8eda187bb0756a3f5f50dc47d3a10dd0310a4a5effe3b2fd0e4970a,10328,identical
external_repos/Time-Series-Library/layers/Transformer_EncDec.py,031b26a6ed774442bfb4cf316d4a605f7642cd652a4c2b82f5e3d1fcdc47b098,5064,identical
external_repos/Time-Series-Library/LICENSE,3892254202fc16573828d34ec901ab765d8eb73a03d174b131a49771adcd8d64,1105,identical
external_repos/Time-Series-Library/models/__init__.py,d97d758fc2ef4da5eb24a20e940538bb5b8f6ed81d9b2e6ecaf20a2b178daee2,5,identical
external_repos/Time-Series-Library/models/Autoformer.py,365e392a84a4dafe415b0180cf892cad14836d925558f43133d3f671d77f4890,6972,identical
external_repos/Time-Series-Library/models/Chronos.py,4d3df81774c894e255093f1f20f4e8c0b659555d0341a645058bc3db5fdffc91,1459,identical
external_repos/Time-Series-Library/models/Chronos2.py,a70731232382e62aef33b9451d1880c42936f17bebdba3eaddb9da64325adb4a,1802,identical
external_repos/Time-Series-Library/models/Crossformer.py,221f19c22ab4a54b79a8f714fe40541fb820cffd89336ee470b19c13739e6434,6507,identical
external_repos/Time-Series-Library/models/DLinear.py,ca5dd503827fb4cc49ca4cf76ba5fba26ffe22a4e765c2c494590741359f33d5,4611,identical
external_repos/Time-Series-Library/models/ETSformer.py,2ee919a7030c1fd645499f2f6b91f72a66ed25b2fee856e196b42e61bb72aeb8,4709,identical
external_repos/Time-Series-Library/models/FEDformer.py,77705b89467b0a8a3418aa2f940757a7b0d0455591c7bf54ef6b5ecb378e32b5,8765,identical
external_repos/Time-Series-Library/models/FiLM.py,ad5280625e1fffa84d626b4ff97eed82bcbbc219001ffda5b795ac21a51e8e41,11835,identical
external_repos/Time-Series-Library/models/FreTS.py,b7a0d4e8025c50117be3a60db83bc361094974c103a09610ac05a886e9d64308,4748,identical
external_repos/Time-Series-Library/models/Informer.py,907b1244cb836838c6f8722c4c9ea5033871b8c50ff54d1b882db5354a78937d,6542,identical
external_repos/Time-Series-Library/models/iTransformer.py,6de6b88dc0bfcaa36599c12626d611205acca7aa4d572f8da5a769ef7afee232,5867,identical
external_repos/Time-Series-Library/models/KANAD.py,ef1bfe3dbf41fbf6064c25fff2fc1b5cb8b2707178455570a8e24c31986393bb,3934,identical
external_repos/Time-Series-Library/models/Koopa.py,63f0325ca96f7255035af5df40071efb7ef99fb48a98054bb7545c7cfabf14b1,13711,identical
external_repos/Time-Series-Library/models/LightTS.py,8b564ca41ca8ae14b12f1cb4b4d22050174ba5aff806646d0f2f8690f6670335,5787,identical
external_repos/Time-Series-Library/models/Mamba.py,22d83a8d9a711f14bc25290e5dc344ecb21081fd4f75f7c7291b55815623d57e,1639,identical
external_repos/Time-Series-Library/models/MambaSimple.py,57ba03c6a1e56c81b3416bf9b06735f1a68378d65442850884096a7216250251,5663,identical
external_repos/Time-Series-Library/models/MambaSingleLayer.py,dbb69fb426a262d6e162a5fcf0fbe670faa43ec1f152c14a1a8ca789279a6651,5447,identical
external_repos/Time-Series-Library/models/MICN.py,afc941a9487c07eac6ad19eaaf9d4a295f2fbb05fc70df12531415a048458094,10168,identical
external_repos/Time-Series-Library/models/Moirai.py,7c5622ba3ad55e37854c76f28ac0e32aefac35912f5c9e18a87ceb0f44fff7f3,1839,identical
external_repos/Time-Series-Library/models/MSGNet.py,c8ab7105c8c1f9482cb1c47ae7deac309159e1dcbf68372c753184adf2b11eb4,9806,identical
external_repos/Time-Series-Library/models/MultiPatchFormer.py,e6dfbebdacf6950aa6d642f15e510b5608d439189990145b78b454a18d3a4da9,12432,identical
external_repos/Time-Series-Library/models/Nonstationary_Transformer.py,e2acc89e14f628d1d2debad6c44d09c84120b145b8ccab9d5f619e36df39b432,10481,identical
external_repos/Time-Series-Library/models/PatchTST.py,e677cd698a9a14f036fbbecc3395146a6407a04ab790d52d433f44e3402e0616,9298,identical
external_repos/Time-Series-Library/models/PAttn.py,d783a88a5dae648f6e29e202032ff95009181fca4b0ee62df14d4fc90b514cdc,2561,identical
external_repos/Time-Series-Library/models/Pyraformer.py,0905408e4d19944157ffde8e8391aaef93ddfe5153e62e74909ad21b90612206,4316,identical
external_repos/Time-Series-Library/models/Reformer.py,4ce9a8f57d68937bd50b6dceade205be9d21b27ad40f913afa883bacdb055863,5222,identical
external_repos/Time-Series-Library/models/SCINet.py,65540a638885bae2d0b019ec72e86b08ba6394abdcf3a312e9c370eddd221e72,7544,identical
external_repos/Time-Series-Library/models/SegRNN.py,15d19ba920e43a7bca255cefd7baf58cce06b49e02fa4e0184f9121cdee0c978,4334,identical
external_repos/Time-Series-Library/models/Sundial.py,3e0156e0350cc1b5f2ab171f5dc0a70238ceecbb5180c36d9e27fc62ed332909,1342,identical
external_repos/Time-Series-Library/models/TemporalFusionTransformer.py,f56074f1edd7f04698baa49d7a969fab23025d74a67e9d2bb44a4f15bfd8807f,14335,identical
external_repos/Time-Series-Library/models/TiDE.py,80b34056e8a8cd8645482787d8cdceb8d06874f194b9fb7fb9297deb7f9b594e,7367,identical
external_repos/Time-Series-Library/models/TimeFilter.py,6ebd60fc670dc33fad4db2144e5bfbcb905117d2a0e2d98fd143d43f999f115a,6946,identical
external_repos/Time-Series-Library/models/TimeMixer.py,28352d1e7e8f1e7d67545cd5da5da34ab816310175c67502f5b8a2629a66bdbf,20572,identical
external_repos/Time-Series-Library/models/TimeMoE.py,30c8aa6de6c70912fdbf6d91ba3dfc669682ea3a6755d116165e351389c93b0a,1793,identical
external_repos/Time-Series-Library/models/TimesFM.py,00f4b3ef75ac52b5e34426853d30848d1eeebc3ea06f61aa3bfeb8f41494ebdd,1805,identical
external_repos/Time-Series-Library/models/TimesNet.py,83a09e624cb76a3f36a5ca064e1f0a3c91fad5466df2985d802d949a260e98fe,8950,identical
external_repos/Time-Series-Library/models/TimeXer.py,498165f2532a8434c39060471e5a150af81a16fa9124dc6163d33e885fa2aeae,9243,identical
external_repos/Time-Series-Library/models/TiRex.py,0eea3e8f3199ff9985578b0e66bf0d56c3bd0b66b967f2f375e6aee3140702f4,1254,identical
external_repos/Time-Series-Library/models/Transformer.py,8325b0fd814888c8001992eeea43aca2ec998ffede1dd88fa18c9a8924fcbf8c,5685,identical
external_repos/Time-Series-Library/models/TSMixer.py,0efbce31f764ffbdab7efe84b9332fb021e461ae774a8bbf9137521ae7c3e594,1868,identical
external_repos/Time-Series-Library/models/WPMixer.py,7ce5996df7a1b3a911a9736ad2784a9bab9534e3f9b83791a5af5292b3b66337,13531,identical
external_repos/Time-Series-Library/README.md,f79bd90ec18fe84a51aa8f4f60356466632e06c74597f72aae6c48a7e22b513f,30933,identical
external_repos/Time-Series-Library/README_zh.md,79c07d2499c3c5a0f8d35ec2ce87e0e85aded0c95ea4727a84c21d2b93f177b6,28389,identical
external_repos/Time-Series-Library/requirements.txt,3eda908ac123d0c47bf4dbb2cae868d20df6a05cc5a5c606b516bf541a26e55d,536,identical
external_repos/Time-Series-Library/run.py,e1179a6be23670bd04831bbf6e04efc560f491b4ea95fe38f545cf5166dd6e86,16609,identical
external_repos/Time-Series-Library/scripts/anomaly_detection/MSL/Autoformer.sh,44302c00158e2f717f28cb885322ff0fbe6171e362329dd1ce8b723f8433b185,405,identical
external_repos/Time-Series-Library/scripts/anomaly_detection/MSL/Crossformer.sh,c18427b83b2fd4d1eff659a2d7bebccbd773c20b9b1afb4e785396c8caf9f746,406,identical
external_repos/Time-Series-Library/scripts/anomaly_detection/MSL/DLinear.sh,c963cee7c6af13ef61c76b9504a35f75de1c3885e1697204f92901068e7a24ac,404,identical
external_repos/Time-Series-Library/scripts/anomaly_detection/MSL/ETSformer.sh,1ba0ec8e5a92d803d166c337b2e12b251eb8cb68a6105eefd1cbe9df03a0f85c,424,identical
external_repos/Time-Series-Library/scripts/anomaly_detection/MSL/FEDformer.sh,bab6195ba1c2417ee456b3f35a86948db843632a7d5198fb0edafe8267f98a50,404,identical
external_repos/Time-Series-Library/scripts/anomaly_detection/MSL/FiLM.sh,a700a1b33d5dd5bfda86a1d14c54971db630a5a91fa76c8f5a2e79bbde19a8ca,400,identical
external_repos/Time-Series-Library/scripts/anomaly_detection/MSL/Informer.sh,91b82e1d223a9544ae12999df0c2e2f3030ece23e9f8754149649d7988c19943,403,identical
external_repos/Time-Series-Library/scripts/anomaly_detection/MSL/iTransformer.sh,cd48a0681cb56566773b505d5800328b37aaf97cf35df9306754e89b3383be41,407,identical
external_repos/Time-Series-Library/scripts/anomaly_detection/MSL/KANAD.sh,2e8f7d84bf0fd4245fd2d8cfbeefbab79274875fa5133b89d6d9fad65e7afac8,411,identical
external_repos/Time-Series-Library/scripts/anomaly_detection/MSL/LightTS.sh,d9e991b5c5614a8186e9a583b51cb573fe0b8b337c26fbbd18ef361f1c0b0648,402,identical
external_repos/Time-Series-Library/scripts/anomaly_detection/MSL/MICN.sh,06a4799301f8aea9ce9a3d8ab31c4c0c2da7db51274462e6dd8d748dd2a81145,399,identical
external_repos/Time-Series-Library/scripts/anomaly_detection/MSL/Pyraformer.sh,76e62b867835f520ec225ef63f688ed2f737e7e04d07ab22cee2a139da367950,405,identical
external_repos/Time-Series-Library/scripts/anomaly_detection/MSL/Reformer.sh,ef1b8b0617b68e801a288a67a53698a9c081572a2766e7d3f536ff629003963e,403,identical
external_repos/Time-Series-Library/scripts/anomaly_detection/MSL/TimesNet.sh,767ed50237ad4c8af73735336ce59413ef20ac2659e9c74a65e819a932e94286,414,identical
external_repos/Time-Series-Library/scripts/anomaly_detection/MSL/Transformer.sh,c9ebc1970bee7e6206e9b2e9ff749ec8d05dcf0611d951492718f8bfd361335e,406,identical
external_repos/Time-Series-Library/scripts/anomaly_detection/PSM/Autoformer.sh,28d974418f6ec73fd56dfd910d8222ca3a9887e616b97b80fe53f50047f8e04a,404,identical
external_repos/Time-Series-Library/scripts/anomaly_detection/PSM/DLinear.sh,c9ed34a4ebedb69d236abf267354f092fbe69405e82f50e20bdff5faaa709ddd,403,identical
external_repos/Time-Series-Library/scripts/anomaly_detection/PSM/KANAD.sh,b60d0bf37634d30eb545008955bf691c4f1563b71aa19578e058bf73441a9bb6,411,identical
external_repos/Time-Series-Library/scripts/anomaly_detection/PSM/TimesNet.sh,72dfe4bdd0115e1e980c6b3887515fcc25cde831a380c509cf3bee212bfa760c,415,identical
external_repos/Time-Series-Library/scripts/anomaly_detection/PSM/Transformer.sh,6f5f6d402a5ab68a1534925fe560f4b2011ca1d22f862ade4a676ac0cc52929d,405,identical
external_repos/Time-Series-Library/scripts/anomaly_detection/SMAP/Autoformer.sh,a91fe887c1a8a0f79e758e8a909d1e4b98f333b83a4fd249a83c6729ceb95d8d,407,identical
external_repos/Time-Series-Library/scripts/anomaly_detection/SMAP/KANAD.sh,a1c1fcf45996e07fd3949d55769981367ac78b54805492eaef60237289433fcc,414,identical
external_repos/Time-Series-Library/scripts/anomaly_detection/SMAP/TimesNet.sh,099c82deab9d12e19a0692d3010f0f89857e804f5e0cca896628c90e61e92215,420,identical
external_repos/Time-Series-Library/scripts/anomaly_detection/SMAP/Transformer.sh,baee0ea68b58e3dcb5a913c65bc55059badf04d4137c6314d33eb9f3ecb7d573,408,identical
external_repos/Time-Series-Library/scripts/anomaly_detection/SMD/Autoformer.sh,1a42103ddaf26fd28fbd685c9ddcf6a665b01009735d5f238934ad2e4b31494e,407,identical
external_repos/Time-Series-Library/scripts/anomaly_detection/SMD/KANAD.sh,79f78d5a98861d9fe3b49d06280add202f5db3e3b4086e68c855fc5bbc8c604a,413,identical
external_repos/Time-Series-Library/scripts/anomaly_detection/SMD/TimesNet.sh,f107f02cefeb691ff07e09f48894ecda1f2d9f983cf802d25821173015d19b23,418,identical
external_repos/Time-Series-Library/scripts/anomaly_detection/SMD/Transformer.sh,94a5835cd50d009868983b775a45ee1263ea074f2e54744309737f8c5f5a7ab4,408,identical
external_repos/Time-Series-Library/scripts/anomaly_detection/SWAT/Autoformer.sh,912b3e45161148d97a2ea9454dc906c7b40917fba9fc6d4df4a95e62b1dd3ae5,422,identical
external_repos/Time-Series-Library/scripts/anomaly_detection/SWAT/KANAD.sh,995f6eb15dee86eed7db043ab8717c7f88a27acd6031cfc4607161b36cb2ee58,414,identical
external_repos/Time-Series-Library/scripts/anomaly_detection/SWAT/TimesNet.sh,cf52ba77c4c529b555c3c235659ecbef54237e24045c62996ada87f595787edf,3137,identical
external_repos/Time-Series-Library/scripts/anomaly_detection/SWAT/Transformer.sh,b82aeb230ec1bad1a19e230d8087182b69cc66af5010fcc266d4c10cd5ab493c,423,identical
external_repos/Time-Series-Library/scripts/classification/Autoformer.sh,97accba418b702560280bf08be556b8610a543080ad2121535155408cd5cf473,3840,identical
external_repos/Time-Series-Library/scripts/classification/Crossformer.sh,5ab9ccc5679b3c7df6a3b39f65f63ca454d0b19fba5903f620dbbf3bb74cf96b,3841,identical
external_repos/Time-Series-Library/scripts/classification/DLinear.sh,3b5efac853d1c553bb48d4b4ec0c15e5fd89ba6d3487feb1997c2589a8e7d780,3837,identical
external_repos/Time-Series-Library/scripts/classification/ETSformer.sh,a99eb1abf06bd1370213d5325ea39d96327865fdd358ac1e47e5e2494f572462,4019,identical
external_repos/Time-Series-Library/scripts/classification/FEDformer.sh,d0306e5e3e4b164c7e8cf580446769734f8f8ce4ad346893989ce7e4eb84b6f8,3839,identical
external_repos/Time-Series-Library/scripts/classification/FiLM.sh,862a1247446724d9635d6c1d2957d2f30086ee3b957fdf57db8dd48fdc135cc2,3875,identical
external_repos/Time-Series-Library/scripts/classification/Informer.sh,ddb5c5f40e60e4479141f3c4eaa6c487e8e8dc08f6158bf7209d73ff3438aa1f,3838,identical
external_repos/Time-Series-Library/scripts/classification/iTransformer.sh,6c476fbd2a2ef6ec5284007dafd3be69dcfa0b1517efb8dd79570635d7ace8fa,4003,identical
external_repos/Time-Series-Library/scripts/classification/LightTS.sh,8264c4b987faf3c1988c21689de28b759a7e3d4695a4be875a203c09462a4d5c,3837,identical
external_repos/Time-Series-Library/scripts/classification/MambaSL.sh,a5d005186b00aeec3c693c94905495d0975db2e07e7d04045d0a4e876d3f146e,3319,identical
external_repos/Time-Series-Library/scripts/classification/MICN.sh,15a2899e7104fd2a42e685cf54c438921957d4d17ba573af2776a749becff837,3849,identical
external_repos/Time-Series-Library/scripts/classification/PatchTST.sh,c745683aa29d7e6638cae80b693c7259ff7a49c857672104b122404e12feaa27,3838,identical
external_repos/Time-Series-Library/scripts/classification/Pyraformer.sh,e1d15cb2f48fc7ff9740e0fb28f3aed4e08409f57c929fd9e9b0bf9e072eed23,3830,identical
external_repos/Time-Series-Library/scripts/classification/Reformer.sh,73ad2fb9b83e50215d96d92f7d468ea0f2b35dcd410de9f07783f5b0439494a9,3838,identical
external_repos/Time-Series-Library/scripts/classification/TimesNet.sh,ccb2910fe5bfd9ac7371058d741f733cf23fa652c3b0f4b9d714ed5cc1741f34,3742,identical
external_repos/Time-Series-Library/scripts/classification/Transformer.sh,8cd45eca534c9c2ce15a19c2dd934fc28031fc32aa57dc534409132fbc818024,3841,identical
external_repos/Time-Series-Library/scripts/exogenous_forecast/ECL/TimeXer.sh,4cf5eb28bdcd5007322a31ac66bae85ed79d21b3fb71f72d2e56ba028bc0f4b3,1809,identical
external_repos/Time-Series-Library/scripts/exogenous_forecast/EPF/TimeXer.sh,b32c98e000251c61abb062247ab0e84a1dfcbb040dcb720fd17f335662640a1a,2231,identical
external_repos/Time-Series-Library/scripts/exogenous_forecast/ETTh1/TimeXer.sh,4f5da33bd015f94ea64a6faf1c6cb797c2447fd16523ff798b5e87dde53ecb2c,1860,identical
external_repos/Time-Series-Library/scripts/exogenous_forecast/ETTh2/TimeXer.sh,bc6020b4ef22596c7f13541838f25920b7ffce303e6e88dbaff12b8ed55e79bc,1876,identical
external_repos/Time-Series-Library/scripts/exogenous_forecast/ETTm1/TimeXer.sh,56e2da58dad80ab27ab67e1c686df9be0dba1549858a0a56f6f74f8218cfba61,1835,identical
external_repos/Time-Series-Library/scripts/exogenous_forecast/ETTm2/TimeXer.sh,2577da19f4ba5314c2dccd5954dcbf5f414c3d82292a69838fbb01d54ccaf9d0,1834,identical
external_repos/Time-Series-Library/scripts/exogenous_forecast/Traffic/TimeXer.sh,8ee5c20ee48aa75a9c4d72331eabcc371b86025e509b28b450048d582992ff2d,1938,identical
external_repos/Time-Series-Library/scripts/exogenous_forecast/Weather/TimeXer.sh,327a5dc77d276945648b41f1de6d53306761a91706dc483d1142da69640b5499,1773,identical
external_repos/Time-Series-Library/scripts/imputation/ECL_script/Autoformer.sh,9be17a97b18a48c652880e6fb4f009c0820e74616a77b7bd0c426d14fe386ba8,2234,identical
external_repos/Time-Series-Library/scripts/imputation/ECL_script/DLinear.sh,b0da163b01bc65cb585dcae0b3934aa59576f18a76e08f11c0d307c7d14ee36f,2211,identical
external_repos/Time-Series-Library/scripts/imputation/ECL_script/ETSformer.sh,e4cb5a0a722e89b00507dc21285e5a7ba075a9c17a0d596ab4698d5c8a1a4325,2233,identical
external_repos/Time-Series-Library/scripts/imputation/ECL_script/FEDformer.sh,68ce7659ee86636e6db5c79b918270d91003a85c51b688d571d8004855551030,2233,identical
external_repos/Time-Series-Library/scripts/imputation/ECL_script/Informer.sh,93160c733f7e8d8de2d8df07471ea51d2b2be629b81b03e2e9c66f0c6a0f74bc,2232,identical
external_repos/Time-Series-Library/scripts/imputation/ECL_script/iTransformer.sh,4a7dbfd6fbf94c2c428ddeabb0299fb215635a1e4df262709ae870b922e5e82c,2236,identical
external_repos/Time-Series-Library/scripts/imputation/ECL_script/LightTS.sh,39a8c6b2589f6ca3049d9f0c006e872c79df4f3e6de0cba0031bb7ab5da1de98,2235,identical
external_repos/Time-Series-Library/scripts/imputation/ECL_script/Pyraformer.sh,0d991d9a07d560f20cfeb89cbe7baef966e64858bf713560f66599f4fefcadb8,2234,identical
external_repos/Time-Series-Library/scripts/imputation/ECL_script/Reformer.sh,ad9f153a6fd89b9a6bda8f9cdc62f385fe353127132f0a151edaa1fc5d7b6d49,2232,identical
external_repos/Time-Series-Library/scripts/imputation/ECL_script/TimesNet.sh,e67558d1e80d340d752c8aa15d10d13b4e7b630b035c650959d5e4fa6a696006,2224,identical
external_repos/Time-Series-Library/scripts/imputation/ECL_script/Transformer.sh,6a3f8b17bb1048c2ef4a7c443c520b6599420b38ae8e823089487ee049953f6f,2235,identical
external_repos/Time-Series-Library/scripts/imputation/ETT_script/Autoformer_ETTh1.sh,55073891388029cf6e48e7fabc6d1a20a8e2f4238cf342c97a36b2d677e15605,2182,identical
external_repos/Time-Series-Library/scripts/imputation/ETT_script/Autoformer_ETTh2.sh,4134d68a2768215e77b71353c253a2d20fa58081873d67b6dfef7993832a237c,2182,identical
external_repos/Time-Series-Library/scripts/imputation/ETT_script/Autoformer_ETTm1.sh,d550d03295e9600262cb511f4b5bd2e895de467b87b54e2c80d57c097c8c7eff,2182,identical
external_repos/Time-Series-Library/scripts/imputation/ETT_script/Autoformer_ETTm2.sh,99611f7585d7a37b041e17630c2031ba3cc4619ae82c30f114aab4dc46c67423,2182,identical
external_repos/Time-Series-Library/scripts/imputation/ETT_script/Crossformer_ETTh1.sh,b1a3cdcce473253859fa1d4cc66200f7dc08beb42987fc2100f3ad7a3746beb2,2175,identical
external_repos/Time-Series-Library/scripts/imputation/ETT_script/DLinear_ETTh1.sh,def5e4752fdc81d10d6931c343e0ffdb17a9aea4e63c35505b47b9b302e3aaf0,2183,identical
external_repos/Time-Series-Library/scripts/imputation/ETT_script/FiLM_ETTh1.sh,1eac31d1e75d4793fe223324faeb76de0d7425eb2bdd4e5bd96bdbc7d07f4dae,2172,identical
external_repos/Time-Series-Library/scripts/imputation/ETT_script/iTransformer_ETTh2.sh,56ed105e4fb2d1cdf91935da15d5717ca04ef9b798cd06cec6d844d899633d4b,2184,identical
external_repos/Time-Series-Library/scripts/imputation/ETT_script/MICN_ETTh1.sh,8b2b53e289d3bf160f0c3a31a954b6b838e9a61c26292b5f13b04d437209cd88,2268,identical
external_repos/Time-Series-Library/scripts/imputation/ETT_script/Nonstationary_Transformer_ETTh1.sh,1dbbfedd2c34a74aaca055347b56a624507235191408c0f7ef76a53f4b793f56,2413,identical
external_repos/Time-Series-Library/scripts/imputation/ETT_script/TiDE_ETTh1.sh,48260b9fe4f5ef6a6630bf54b21212e3201a9533977eb1d4acdb331190a647d5,2169,identical
external_repos/Time-Series-Library/scripts/imputation/ETT_script/TimesNet_ETTh1.sh,f4ca91424ec9960857b583816b864592c3fe4abf145edefa5790365e04f679a8,2172,identical
external_repos/Time-Series-Library/scripts/imputation/ETT_script/TimesNet_ETTh2.sh,b3f2c69b9331c3e553379559cea7231dd644e3e4c4dab4e3f18979c03c839fa9,2172,identical
external_repos/Time-Series-Library/scripts/imputation/ETT_script/TimesNet_ETTm1.sh,a5d005aa2dd815b3a3eccef9910927eab97387b47a6906dc4df5e3d428287d96,2172,identical
external_repos/Time-Series-Library/scripts/imputation/ETT_script/TimesNet_ETTm2.sh,b6b579bbeec40a000ce705f7abc3158a4f28298fbef0e187d54d1c29d53d6175,2172,identical
external_repos/Time-Series-Library/scripts/imputation/ETT_script/Transformer_ETTh1.sh,6c4479bffef4c6b08efbb72a8e56a0af954ec25dcd571c77bdd25ecb92b50324,2183,identical
external_repos/Time-Series-Library/scripts/imputation/ETT_script/Transformer_ETTh2.sh,3ecfd6975c870192040bc4d2145bb1408f19077fb59086bf5201d1c993ed20b5,2183,identical
external_repos/Time-Series-Library/scripts/imputation/ETT_script/Transformer_ETTm1.sh,d7035b03bd5bf4328c17e0abe4ea5cfa69dcc115b8b78d80a9b6a13cc6cb78c2,2183,identical
external_repos/Time-Series-Library/scripts/imputation/ETT_script/Transformer_ETTm2.sh,f6f4d6923d510b43daae291659aa2d67253b358ce5d01b8cce84f50fbef39db8,2183,identical
external_repos/Time-Series-Library/scripts/imputation/Weather_script/Autoformer.sh,59470df69578055dbe7ad6a302d79f29ba049946bfcd2e0ad18683717b6f156e,2206,identical
external_repos/Time-Series-Library/scripts/imputation/Weather_script/TimesNet.sh,215a0d8be7668d767e1b5675a6e023ba8a493cf1c8a058b8b66f5a87005c70fa,2196,identical
external_repos/Time-Series-Library/scripts/imputation/Weather_script/Transformer.sh,e4d498b6d62cc3fce85641179293ef9f4a2a98ebc943ea04409406a35adb2710,2207,identical
external_repos/Time-Series-Library/scripts/long_term_forecast/AugmentSample/Classification/PatchTST.sh,d2a566b7d8ed03f52885c7c473e3f0db4e6c171c06701dceddbc49fc959568cb,668,identical
external_repos/Time-Series-Library/scripts/long_term_forecast/AugmentSample/Forecasting/PatchTST.sh,00b781e8d6b580069b10069cc4cb05fba1fd815f699deb3296c87ddc657bdcf9,764,identical
external_repos/Time-Series-Library/scripts/long_term_forecast/AugmentSample/ReadMe.md,3b9742f1f2e4894e214d721759a8ff2913aa18f5c1b33fe1f581abc7940d06eb,2701,identical
external_repos/Time-Series-Library/scripts/long_term_forecast/ECL_script/Autoformer.sh,b38f76db3cc4c7da8dc66335af007955a9e0567194552372b8a54465c27db7e7,1780,identical
external_repos/Time-Series-Library/scripts/long_term_forecast/ECL_script/Crossformer.sh,46bdd940f481aa240eff094eb0552627f7ad96bd826a859c03101c8281aba017,2065,identical
external_repos/Time-Series-Library/scripts/long_term_forecast/ECL_script/DLinear.sh,df57e64d5208d10bf69392aa400f423b3b8522b0e14a5e31c119d0141ef6b280,1777,identical
external_repos/Time-Series-Library/scripts/long_term_forecast/ECL_script/ETSformer.sh,29adb7102546ad0e33d9f19a1b65c6dbd5a19edda518a7cbd36ed56af624e952,1779,identical
external_repos/Time-Series-Library/scripts/long_term_forecast/ECL_script/FEDformer.sh,e74dcaf54ae0e3a0f1fbdc97e7100105713efa70b44b734140b60a8038941b04,1781,identical
external_repos/Time-Series-Library/scripts/long_term_forecast/ECL_script/FiLM.sh,f118dce739ab9d2929a543e03ec581e787e7c79d225950131e793cc8b34a0e72,1858,identical
external_repos/Time-Series-Library/scripts/long_term_forecast/ECL_script/Informer.sh,9ab11b79f0534f94ca68e8282d00d1e9c8b9a1ed494860ad7e2a80834314a335,1778,identical
external_repos/Time-Series-Library/scripts/long_term_forecast/ECL_script/iTransformer.sh,107b7933f91a89763f463cce291ce113ed9d368643f80c631b55e3f688d23f5d,2122,identical
external_repos/Time-Series-Library/scripts/long_term_forecast/ECL_script/Koopa.sh,8257fbfc994fd7dfc657d5bf7da6715bba40e12f94c3b8d8945c41409cf008ce,1807,identical
external_repos/Time-Series-Library/scripts/long_term_forecast/ECL_script/LightTS.sh,56ef5d29caf010ee7bf0a9ad5fc732e9c569df6fc45aaa0ecb8f63fedabc2f29,1777,identical
external_repos/Time-Series-Library/scripts/long_term_forecast/ECL_script/Mamba.sh,041a32d6aae9daac5de7622718624b21ede4a37798fefd3086fb0c92a22d4f9e,585,identical
external_repos/Time-Series-Library/scripts/long_term_forecast/ECL_script/MICN.sh,e3927ff87b8edf6d5dad4a4cf5bd1d573b1d83113aa7f6424e5a0d3a64e6b72e,1974,identical
external_repos/Time-Series-Library/scripts/long_term_forecast/ECL_script/MultiPatchFormer.sh,20a4e8686401567979f5815c375d7afecd3ddc9a86a650fc0ccec79069ceb4ca,1975,identical
external_repos/Time-Series-Library/scripts/long_term_forecast/ECL_script/Nonstationary_Transformer.sh,d7c0fb929287ed9f9d39366bf1f1f3d3784a87023bfca8a8ade01d1ae3bfca05,2093,identical
external_repos/Time-Series-Library/scripts/long_term_forecast/ECL_script/PatchTST.sh,f8d64193aa5ecb94beb60e9e6c794a8ab787fe4a8cc95c16a77bdbe055f02f57,1862,identical
external_repos/Time-Series-Library/scripts/long_term_forecast/ECL_script/Pyraformer.sh,ef209bb9de541d14f59c2451066a08f659612cc29a40fff9ec614e33f0826587,1780,identical
external_repos/Time-Series-Library/scripts/long_term_forecast/ECL_script/Reformer.sh,b8c835b139e2010b2593578f99e7671c1b60f60e9f053ee40066886ad4d56315,1778,identical
external_repos/Time-Series-Library/scripts/long_term_forecast/ECL_script/SegRNN.sh,d2e25261e1c2394b89d63350f52eff6fb708774bcf2825db472349ede8ff5076,540,identical
external_repos/Time-Series-Library/scripts/long_term_forecast/ECL_script/TimeMixer.sh,6a9bffe1aaab4793238d2c115c52c85b63ed7601a535757d634b00df15f13d69,3224,identical
external_repos/Time-Series-Library/scripts/long_term_forecast/ECL_script/TimesNet.sh,677f6f32659f74fd39b00d2139e770308739a15f0153613e29c738bf6a92f768,1978,identical
external_repos/Time-Series-Library/scripts/long_term_forecast/ECL_script/TimeXer.sh,17641a2addf79005a91eb430768b04a6054fb3bdff4aa929eb2df499d09222f3,1803,identical
external_repos/Time-Series-Library/scripts/long_term_forecast/ECL_script/Transformer.sh,bd014a345ac8c32d0602b697c0ddf9e794dbeffde3fa95de21f15822fe4c8184,1757,identical
external_repos/Time-Series-Library/scripts/long_term_forecast/ECL_script/TSMixer.sh,3825848eb5b0323bfa579f4cd035f2ca962d31f5d9a8c1d237726b730210b765,1946,identical
external_repos/Time-Series-Library/scripts/long_term_forecast/ECL_script/WPMixer.sh,83d352e51490858ffe457f6486eb624e2b04815f3bcff6329052beadc26ed7c7,1295,identical
external_repos/Time-Series-Library/scripts/long_term_forecast/ETT_script/Autoformer_ETTh1.sh,591fa7dc515280c3129fbfb1c7a1462bcbb52a893ec3cf5e5061fa3c51cfbc92,1728,identical
external_repos/Time-Series-Library/scripts/long_term_forecast/ETT_script/Autoformer_ETTh2.sh,2c5eeee998534ed0978606717c2ed2da4347a84bccfd8798da3473c636951853,1728,identical
external_repos/Time-Series-Library/scripts/long_term_forecast/ETT_script/Autoformer_ETTm1.sh,1ff936b9b4fe1e4b05604f04241df8eb17aace83200b86307e0335eeca2c670c,1728,identical
external_repos/Time-Series-Library/scripts/long_term_forecast/ETT_script/Autoformer_ETTm2.sh,7796ba0079f507c570667ceb5a5bacb9dfdb929ef80327a2d6b47f9a09d2dfb6,1728,identical
external_repos/Time-Series-Library/scripts/long_term_forecast/ETT_script/Crossformer_ETTh1.sh,9353ff48c4a1bafe052f1cd70c6fbfaf972246144b7ae6b1151557b47e5da013,1729,identical
external_repos/Time-Series-Library/scripts/long_term_forecast/ETT_script/Crossformer_ETTh2.sh,785d696c47f4e878328b743f7bc2b8a4ea91ab9d983e1df5a9dd6813826bd6d1,1729,identical
external_repos/Time-Series-Library/scripts/long_term_forecast/ETT_script/Crossformer_ETTm1.sh,9ffdf2f5698832e9da38e1ed15395f446667bdb520ebe322961d35d495300b7c,1665,identical
external_repos/Time-Series-Library/scripts/long_term_forecast/ETT_script/Crossformer_ETTm2.sh,8ee5c816b787bdb9b9e2f62312562f916358a52ad8a7b186392efd440a06386b,1729,identical
external_repos/Time-Series-Library/scripts/long_term_forecast/ETT_script/DLinear_ETTh1.sh,b51dc50e2e60a159f7de3c2ffcf08f833f40a103cdb1e6cb713582f9eb6b8223,1725,identical
external_repos/Time-Series-Library/scripts/long_term_forecast/ETT_script/ETSformer_ETTh1.sh,bb3e3ebd5285d7b8b3ad7c120950ea7b8d0668a950f6c29ec59a956223ec21f1,1727,identical
external_repos/Time-Series-Library/scripts/long_term_forecast/ETT_script/FEDformer_ETTh1.sh,ebf861e19f263a3e11764f4c04aa0a0e3f5982fbb2dee3f5f6eac568aedc72a7,1727,identical
external_repos/Time-Series-Library/scripts/long_term_forecast/ETT_script/FiLM_ETTh1.sh,ae365a9709ced41eb0c72b3fbacb637a0924375731294cc4d0c2869799783f6c,1726,identical
external_repos/Time-Series-Library/scripts/long_term_forecast/ETT_script/FiLM_ETTh2.sh,053ba19d29bfde4ed99ef7bc6b96beb0d5c6f788110a57ddc80a9bbbbbab2f7d,1726,identical
external_repos/Time-Series-Library/scripts/long_term_forecast/ETT_script/FiLM_ETTm1.sh,b044dfd7e8a23cf36e2aadff7ddc5b1780eba78e2b7829b1be401784f3fa29e8,1726,identical
external_repos/Time-Series-Library/scripts/long_term_forecast/ETT_script/FiLM_ETTm2.sh,7ba0f74b2d36db1309548218528200437a700001bc91b71be9718f5a9881393b,1726,identical
external_repos/Time-Series-Library/scripts/long_term_forecast/ETT_script/Informer_ETTh1.sh,f94f89926cdee45e1db3931aa7851e794e8febfb93c4cc67a83c57bd22aa463e,1726,identical
external_repos/Time-Series-Library/scripts/long_term_forecast/ETT_script/iTransformer_ETTh2.sh,8d5affe4d7239b176cc694a9fdf541614df8cc0b7d0251f396fb3a0e690c1cb2,1872,identical
external_repos/Time-Series-Library/scripts/long_term_forecast/ETT_script/Koopa_ETTh1.sh,7c5e16bfb46037732b2b7e4f9db26634e2443a9135b98859594e7d446e564b84,1755,identical
external_repos/Time-Series-Library/scripts/long_term_forecast/ETT_script/Koopa_ETTh2.sh,a08925b8598ad309b00314bf99eedead6b537a26750a5b38282fcb6a2b092f91,1755,identical
external_repos/Time-Series-Library/scripts/long_term_forecast/ETT_script/Koopa_ETTm1.sh,dd1cf4aebbc591996e0eb8c2488d5a18fbf851ec886f6171e9f634be7c9a03b5,1755,identical
external_repos/Time-Series-Library/scripts/long_term_forecast/ETT_script/Koopa_ETTm2.sh,5fcdaaced51967c5a2464cc57869212dd71b3e2b7ddcddcbd25bbb601e0f416c,1755,identical
external_repos/Time-Series-Library/scripts/long_term_forecast/ETT_script/LightTS_ETTh1.sh,0dee56eaa2cf293026b0ec07d716fc7916d1f3434881cc0ad570781d6acf9d4e,1725,identical
external_repos/Time-Series-Library/scripts/long_term_forecast/ETT_script/LTSM.sh,3c10d4a227d42deabdc0e5f8a01e001cdcf32a6a2f5fba8f0c9ef215cab49559,1943,identical
external_repos/Time-Series-Library/scripts/long_term_forecast/ETT_script/Mamba_ETT_all.sh,3c5ecb3cce49de2f72f392275f522dc5eef6aae54d63ac4effa3013dd4a664a5,311,identical
external_repos/Time-Series-Library/scripts/long_term_forecast/ETT_script/Mamba_ETTh1.sh,4c7b59daf5346469c7ec431ccfcdea2d0cb28d358c4fd32d46c084034d4aa9a5,543,identical
external_repos/Time-Series-Library/scripts/long_term_forecast/ETT_script/Mamba_ETTh2.sh,e2d82872780d0f5dce9500f5c9e120a14c50e0083450f60305bff8f8776382de,527,identical
external_repos/Time-Series-Library/scripts/long_term_forecast/ETT_script/Mamba_ETTm1.sh,3c9e4b099cf7247c4b3b6835ef359e18faeda1671ccd15dffa96eed8bd7a4e25,527,identical
external_repos/Time-Series-Library/scripts/long_term_forecast/ETT_script/Mamba_ETTm2.sh,db00c14fc8b674fc5953945dadf85a4909354cc9e85d20d47eeee87cc3700ce0,527,identical
external_repos/Time-Series-Library/scripts/long_term_forecast/ETT_script/MambaSimple_ETTh1.sh,aa6408e4982ca6bd5061dde71a9f3a2265d6683fcc2c4791e75ad8db49aad727,551,identical
external_repos/Time-Series-Library/scripts/long_term_forecast/ETT_script/MICN_ETTh1.sh,1bdd26272bdb9c75dceea2b721c0e4c4ea9d152db028853fa3c9df636f39518f,1724,identical
external_repos/Time-Series-Library/scripts/long_term_forecast/ETT_script/MICN_ETTh2.sh,20b7c3b8033ea6b80e3e9e79efd3f9cb03a270e092af74a116998b449965eb2f,1724,identical
external_repos/Time-Series-Library/scripts/long_term_forecast/ETT_script/MICN_ETTm1.sh,0ab1a65b8d79f9bfaf0133e76501b6c4620695a70ece9e1a88a71c8bae41b376,1782,identical
external_repos/Time-Series-Library/scripts/long_term_forecast/ETT_script/MICN_ETTm2.sh,361104b0939c9bab3e5b295af5ced804f46c634868d2dadce3468e64544a7c03,1782,identical
external_repos/Time-Series-Library/scripts/long_term_forecast/ETT_script/MultiPatchFormer_ETTh1.sh,60b7b7e89f177058e6ac2af00d276cc7dbd9c1edbedd865cb32e88223d2ea555,1744,identical
external_repos/Time-Series-Library/scripts/long_term_forecast/ETT_script/MultiPatchFormer_ETTm1.sh,42ab7cd3b11c50f9b80143e1d1ba420fca165ca403288ca7e6fe87205e6c84c3,1896,identical
external_repos/Time-Series-Library/scripts/long_term_forecast/ETT_script/Nonstationary_Transformer_ETTh1.sh,6de295e5fcb0438dc27bf9a5c91c645e21f93c100c0eec64cc31db7cb53b3696,2035,identical
external_repos/Time-Series-Library/scripts/long_term_forecast/ETT_script/Nonstationary_Transformer_ETTh2.sh,8c1b1aed5c8e41cce54fbc2816fe660a5aedd954d8f2dac2977ea82c22d305e2,1977,identical
external_repos/Time-Series-Library/scripts/long_term_forecast/ETT_script/Nonstationary_Transformer_ETTm1.sh,50a6f3c211bd4285ea103c7a65ba6cefb5c4055405cca22c6c7980b39030f3ed,1911,identical
external_repos/Time-Series-Library/scripts/long_term_forecast/ETT_script/Nonstationary_Transformer_ETTm2.sh,399d3e263d6a8559321a9ccac1193ab7db50fc5a78f7f399bf18132074303141,1983,identical
external_repos/Time-Series-Library/scripts/long_term_forecast/ETT_script/PatchTST_ETTh1.sh,f6eb9bfc72f32ccb8af306fd469b23aca01a22d76c003ae58525a3b35d5cdf4c,1795,identical
external_repos/Time-Series-Library/scripts/long_term_forecast/ETT_script/PatchTST_ETTh2.sh,a17208e0f176e04c521ffbc6db1fb54675f24d62fac485847477f91df3c9d3c5,1794,identical
external_repos/Time-Series-Library/scripts/long_term_forecast/ETT_script/PatchTST_ETTm1.sh,31bc754547b941fc1fc61e65686827e7af90b9280fbe76a6d42a7e63226d40b3,1881,identical
external_repos/Time-Series-Library/scripts/long_term_forecast/ETT_script/PatchTST_ETTm2.sh,fbaa6b41ff3e323284ec9e693857697a4a93076c600d6c0c47c0b232fbc3b369,1881,identical
external_repos/Time-Series-Library/scripts/long_term_forecast/ETT_script/PAttn_ETTh1.sh,238c48080fbcbf6b37a627c9183f3f3199bb11470a1070ceff5d252ff7f9f9e4,1648,identical
external_repos/Time-Series-Library/scripts/long_term_forecast/ETT_script/Pyraformer_ETTh1.sh,3fef91051d1d80d2bd495c83b1333e1901141727b4d887473fc335052a5e64d9,1728,identical
external_repos/Time-Series-Library/scripts/long_term_forecast/ETT_script/Pyraformer_ETTh2.sh,56e3821a360c9b41926c9cf691b3c239207da8bc419e82fea635e69031ef1459,1728,identical
external_repos/Time-Series-Library/scripts/long_term_forecast/ETT_script/Pyraformer_ETTm1.sh,ff75bfd04894e1e350ca24f4934a38df4a928393effcc75d1453fed1871ac3d4,1728,identical
external_repos/Time-Series-Library/scripts/long_term_forecast/ETT_script/Pyraformer_ETTm2.sh,565306933677a3f80ffa2285c2047b53ed9f98ad518a6c70771582881c36484f,1728,identical
external_repos/Time-Series-Library/scripts/long_term_forecast/ETT_script/Reformer_ETTh1.sh,1c7451407dd0dc09829560f3b488f08a8ee6fef9b265d53d0140b783f0cd0f17,1726,identical
external_repos/Time-Series-Library/scripts/long_term_forecast/ETT_script/SegRNN_ETTh1.sh,03ae1016ec1a096b512c975686883f2f8fcb5e0bca80c179dfe26cde2f9748c3,532,identical
external_repos/Time-Series-Library/scripts/long_term_forecast/ETT_script/SegRNN_ETTh2.sh,a7f4b6ec20b54002e3f63d049bccc24244d5e0921b477a13dfa359d0068deebc,532,identical
external_repos/Time-Series-Library/scripts/long_term_forecast/ETT_script/SegRNN_ETTm1.sh,908396c79d0eec67436acab6683f6b214483683e281b291e0a816ed3f068b7d0,532,identical
external_repos/Time-Series-Library/scripts/long_term_forecast/ETT_script/SegRNN_ETTm2.sh,0c631224977191e31c13ee547a06cf2df7abdf0f36dff0e1236792f3b1b43ccc,532,identical
external_repos/Time-Series-Library/scripts/long_term_forecast/ETT_script/TiDE_ETTh1.sh,b88e1ac1d8db957c45ed58572a8882c451ff4e818f416b26ae90565f1ab75aca,2135,identical
external_repos/Time-Series-Library/scripts/long_term_forecast/ETT_script/TimeMixer_ETTh1.sh,c3bb89d428c8f32b95d1d4307f59552d9d2c41be80397304c91341f9d16b4632,2947,identical
external_repos/Time-Series-Library/scripts/long_term_forecast/ETT_script/TimeMixer_ETTh2.sh,4145be7990f80d67626603251ef54c773622b3a82ce645f6d767e232f075dd50,2589,identical
external_repos/Time-Series-Library/scripts/long_term_forecast/ETT_script/TimeMixer_ETTm1.sh,852393bf341c1685ec97f8d191469a6f4eacbd2b050b5095153f75a2bbe9028f,2709,identical
external_repos/Time-Series-Library/scripts/long_term_forecast/ETT_script/TimeMixer_ETTm2.sh,513d66b4942f97ebfc943eba3316e9d25cb457e94304a17cdeea449642be2f8d,2677,identical
external_repos/Time-Series-Library/scripts/long_term_forecast/ETT_script/TimesNet_ETTh1.sh,fb9ee460c6325e602eeaba1f6bf65f612dc81973fafe2cebebeb741e1997db8a,1927,identical
external_repos/Time-Series-Library/scripts/long_term_forecast/ETT_script/TimesNet_ETTh2.sh,fc98f2896a2fd847774fd9ffe24db4b80dd2ec367fd025cf6b6b6a5b4e7b42c3,1920,identical
external_repos/Time-Series-Library/scripts/long_term_forecast/ETT_script/TimesNet_ETTm1.sh,743f863a8484b6455fa3afe4b1f34faa86da28abedd22b006d38857518cf103a,1940,identical
external_repos/Time-Series-Library/scripts/long_term_forecast/ETT_script/TimesNet_ETTm2.sh,e8597f52a59ea4e435a95e231e6330ba8033df43ccea3a9760f21111beec38c9,1962,identical
external_repos/Time-Series-Library/scripts/long_term_forecast/ETT_script/TimeXer_ETTh1.sh,391caa543e0ccfcfdbe47edccce946b6c7e531aa29eb31cb557d686eaf67c0cf,1849,identical
external_repos/Time-Series-Library/scripts/long_term_forecast/ETT_script/TimeXer_ETTh2.sh,c70a8574232b8d3258c2ccbb4dfccde346be0463f083343399560cb7b1b446fc,1859,identical
external_repos/Time-Series-Library/scripts/long_term_forecast/ETT_script/TimeXer_ETTm1.sh,537fd2257b84d45b52b6c27a1474099d9a0082e5c7e3a3a63d81b1c772265fdb,1858,identical
external_repos/Time-Series-Library/scripts/long_term_forecast/ETT_script/TimeXer_ETTm2.sh,f20cbc2e59ce12657245d29164d80f1adc80a925f7a9c1759a515d4f957f4171,1858,identical
external_repos/Time-Series-Library/scripts/long_term_forecast/ETT_script/Transformer_ETTh1.sh,2655ae81847ee044862521965dd2b55613a0ef95a258a5175fcfc48d5620be63,1729,identical
external_repos/Time-Series-Library/scripts/long_term_forecast/ETT_script/Transformer_ETTh2.sh,9f8a1e402d056c28e0569d3a56e5a2f8823dbab8b475add551873278d7157df8,1729,identical
external_repos/Time-Series-Library/scripts/long_term_forecast/ETT_script/Transformer_ETTm1.sh,663c477a5ab20614f3fb771ae2523c047090514ea1d57da65e4792d481669fef,1665,identical
external_repos/Time-Series-Library/scripts/long_term_forecast/ETT_script/Transformer_ETTm2.sh,7cbd1c7e2f34dff85bfdd49087908043b9afb37cf7f869f4c5837c1c43a2fed9,1729,identical
external_repos/Time-Series-Library/scripts/long_term_forecast/ETT_script/TSMixer_ETTh1.sh,4f8ad2fad866584cbd2299eff8db5c4c09c139a417fc1b5d2b03f27ed1dd0b7a,1694,identical
external_repos/Time-Series-Library/scripts/long_term_forecast/ETT_script/TSMixer_ETTh2.sh,5f6335d364f4c45b5e589baf0027681fa8f7b5f826a02d0549e7ff5067eb050b,1694,identical
external_repos/Time-Series-Library/scripts/long_term_forecast/ETT_script/TSMixer_ETTm1.sh,ca12c6a54af85840828b592d2695009aa491f7167c26fe670045dcef0a8fdd31,1694,identical
external_repos/Time-Series-Library/scripts/long_term_forecast/ETT_script/TSMixer_ETTm2.sh,00d6442806c56ddc8ff0f95714a0d73a824f2982f91c9f85354630ab907a8830,1694,identical
external_repos/Time-Series-Library/scripts/long_term_forecast/ETT_script/WPMixer_ETTh1.sh,ebdcc3a12db1d8496be35f044c7dee651d08d00e31234fdaf34a6469591a25a3,1299,identical
external_repos/Time-Series-Library/scripts/long_term_forecast/ETT_script/WPMixer_ETTh2.sh,41ff5412c6eb43b928c4a4459c615959593b439d34c5406e620c4e8b0d76ad98,1276,identical
external_repos/Time-Series-Library/scripts/long_term_forecast/ETT_script/WPMixer_ETTm1.sh,184c511bd798b28ea7d81cdde1f254a2b85fd0e4d1bc7a2837b0670da2eedd09,1280,identical
external_repos/Time-Series-Library/scripts/long_term_forecast/ETT_script/WPMixer_ETTm2.sh,490dde2f49d870b64fd2594bfaaf40d0ab46a8d963dc2c74da89a04486da8d49,1305,identical
external_repos/Time-Series-Library/scripts/long_term_forecast/Exchange_script/Autoformer.sh,31cfb4f86d37af2477e84cab6796681f280a63650a36d28ef2a4ba544071dbd1,1836,identical
external_repos/Time-Series-Library/scripts/long_term_forecast/Exchange_script/Crossformer.sh,1096a9d11b363afc406075d25b76567dc903a67602923e379bf807a99f16e7c4,2031,identical
external_repos/Time-Series-Library/scripts/long_term_forecast/Exchange_script/FiLM.sh,27ced926b31ce0aee0fb53715bec8a4c5b6f47557d21fc72f6d3e766a1a7770b,1808,identical
external_repos/Time-Series-Library/scripts/long_term_forecast/Exchange_script/Koopa.sh,50cc9aa5230b335a8f698874e4b00ac573cf27f124d91b3237414577ae984d78,1819,identical
external_repos/Time-Series-Library/scripts/long_term_forecast/Exchange_script/Mamba.sh,86f367312a5dfb0154e501f46406ade6320a5467a8fb7cff6887b40383dd833b,559,identical
external_repos/Time-Series-Library/scripts/long_term_forecast/Exchange_script/MICN.sh,d73ee6361317a7ebd57a6856f88effd5862b2e772e3db9c7af124252cc45540d,2024,identical
external_repos/Time-Series-Library/scripts/long_term_forecast/Exchange_script/Nonstationary_Transformer.sh,6c0c1810af622df1519a25ca529b30a6f869de5ec1d8e2d7995aa7997feffcaf,2049,identical
external_repos/Time-Series-Library/scripts/long_term_forecast/Exchange_script/PatchTST.sh,ed0e00266dea80756ac48715f5b0d319a99ddf7462867381c49fe79c7bc03084,1812,identical
external_repos/Time-Series-Library/scripts/long_term_forecast/Exchange_script/Pyraformer.sh,3b92365cf7af6f5d3fa93edf07e963f680ac8733c393cc55f32d9d1f6de7cb75,1836,identical
external_repos/Time-Series-Library/scripts/long_term_forecast/Exchange_script/TimesNet.sh,98e29ea3afef07a36b20bfc2114ca89bea0e8b3d13a95b65c3f3ab2af789eafa,2028,identical
external_repos/Time-Series-Library/scripts/long_term_forecast/Exchange_script/Transformer.sh,e5e239d90b196dec186d586f61c428481cc035c7c5323b9281ca66faa4ac431c,1815,identical
external_repos/Time-Series-Library/scripts/long_term_forecast/ILI_script/Autoformer.sh,9725db42e1e01ee23e8717d7f3d5c646045ce4ced72355f1de6b9f80e9cefaea,1754,identical
external_repos/Time-Series-Library/scripts/long_term_forecast/ILI_script/Crossformer.sh,a87d26c8e2d1afb043eccd360938f7b832ffc89da3250e031e1ccad9b622bd51,2028,identical
external_repos/Time-Series-Library/scripts/long_term_forecast/ILI_script/FiLM.sh,79ef756543c58e4744bce61ac12f3176dcf32c2b3bf54c659b053124297f38ba,1713,identical
external_repos/Time-Series-Library/scripts/long_term_forecast/ILI_script/Koopa.sh,76ea567ecb709f2eecee42283f5e523e4e3e773482ba8eccd39b42af778a04d7,1779,identical
external_repos/Time-Series-Library/scripts/long_term_forecast/ILI_script/MICN.sh,0ed0d920c18f598a363c440c4d69cc07eaaa4197f1e561896fbcda0b75409281,1950,identical
external_repos/Time-Series-Library/scripts/long_term_forecast/ILI_script/Nonstationary_Transformer.sh,c6b196890b187cdb7b5d2a72e5b63eb6db9afedc38dcb9d62ac1d74f296702ea,1975,identical
external_repos/Time-Series-Library/scripts/long_term_forecast/ILI_script/PatchTST.sh,9cd71ea1877541db0bbb8488be76f35ab2d580bf39ea1412d09ffdd5d0abd912,1899,identical
external_repos/Time-Series-Library/scripts/long_term_forecast/ILI_script/TimesNet.sh,e7d6639b88940294a8772956a2c8e2b1fcb7098a3a807763fac8c0aad7e2ad24,1952,identical
external_repos/Time-Series-Library/scripts/long_term_forecast/ILI_script/Transformer.sh,7e5d0ec4d407faa1fe0aeee8397497968a06dea37d0af85aa139bfaa9b7c8eee,1755,identical
external_repos/Time-Series-Library/scripts/long_term_forecast/Mamba_all.sh,012d7de5014ecbf3861ec682995619cbd502704325f2f9ce433c14ef71789dc8,213,identical
external_repos/Time-Series-Library/scripts/long_term_forecast/Traffic_script/Autoformer.sh,aa85476d0935134962dbcf8bdb25827b78880b97720147417295d5e6abaf0eda,1852,identical
external_repos/Time-Series-Library/scripts/long_term_forecast/Traffic_script/Crossformer.sh,3ae1ec26a800c9603a192e13d41dc2b4390138dfbe8b5a84fd59389ec4753a8f,1973,identical
external_repos/Time-Series-Library/scripts/long_term_forecast/Traffic_script/FiLM.sh,ede5f2fa72f99efebf5cd5cdcbde20ea2772c5540f7e6a66a57b3f2a77f4cd58,1842,identical
external_repos/Time-Series-Library/scripts/long_term_forecast/Traffic_script/iTransformer.sh,f2e551028bb47a19b414190f60bb65995797576e7f60ff7db7f32ddee0a9d1d4,2098,identical
external_repos/Time-Series-Library/scripts/long_term_forecast/Traffic_script/Koopa.sh,02b15ca88040af5437e78b079b04de7ec849823446936b3aa72b5c40cd8a087a,1791,identical
external_repos/Time-Series-Library/scripts/long_term_forecast/Traffic_script/Mamba.sh,5d1e0414f7cf2ba3ad1bc4898f77c5218d6a04835243f19a3d1ce6c1d75ff9b5,552,identical
external_repos/Time-Series-Library/scripts/long_term_forecast/Traffic_script/MICN.sh,3413573fd6e89873d2a1e3f9b919884ddfc14da62e57d54255a5eabe151ad152,1958,identical
external_repos/Time-Series-Library/scripts/long_term_forecast/Traffic_script/MultiPatchFormer.sh,9b63fb4f0d59567c08fd4fa84631c7d0d670d03cb05df7e7aa2d1565d8eb0bfd,1928,identical
external_repos/Time-Series-Library/scripts/long_term_forecast/Traffic_script/Nonstationary_Transformer.sh,005e936e3cd35c327c9f1522f9674a832cbea40ca5c4f257d9f2f41d359045db,2081,identical
external_repos/Time-Series-Library/scripts/long_term_forecast/Traffic_script/PatchTST.sh,72346abe2154e9071fc6be57dad3a1a56d222e40b2b69de9f6a3a8c19b2190e7,2042,identical
external_repos/Time-Series-Library/scripts/long_term_forecast/Traffic_script/Pyraformer.sh,a047e9ee4786b8469f405c9999066fed453a96ef521200c26fc8d8d8e13a02f4,1852,identical
external_repos/Time-Series-Library/scripts/long_term_forecast/Traffic_script/SegRNN.sh,4cb91919e11814a9e9c3f937fd5febc176ecbb1fc30c6e5ccc9928d47ba8181e,536,identical
external_repos/Time-Series-Library/scripts/long_term_forecast/Traffic_script/TimeMixer.sh,f3a70c416ab988535bb49b0d05087dbe9cf992d61fef817b71bc159acb67ce7a,2939,identical
external_repos/Time-Series-Library/scripts/long_term_forecast/Traffic_script/TimesNet.sh,b38a58b760a71413c6e94314b85ed89dfba9fc6b60c5399c870d8e6f3fc641d5,1962,identical
external_repos/Time-Series-Library/scripts/long_term_forecast/Traffic_script/TimeXer.sh,0cb4f83c6353b555d6c2bad96341a8fe49059048ee10f10a4cb7773a21da74fa,2023,identical
external_repos/Time-Series-Library/scripts/long_term_forecast/Traffic_script/Transformer.sh,99dc1a468ab9a1a4559effb02f13d009a8d695e036268fded6d08d6595528bab,1855,identical
external_repos/Time-Series-Library/scripts/long_term_forecast/Traffic_script/TSMixer.sh,3d114acc362b4a262b859812e11d5bf6171e7e6437ab727c501195cf98796e8a,2045,identical
external_repos/Time-Series-Library/scripts/long_term_forecast/Traffic_script/WPMixer.sh,03c2251d3a5e185fc776457575f5ee97728bcd637fc6e48d6f8845382ede3c55,1285,identical
external_repos/Time-Series-Library/scripts/long_term_forecast/Weather_script/Autoformer.sh,6471e078576e13e5186a6ae29060e7ecf471aeec5136d8716ddaa1c1a761fc15,1774,identical
external_repos/Time-Series-Library/scripts/long_term_forecast/Weather_script/Crossformer.sh,42504894729fa75aa1fa571175e7aa03f8b4d14aff363dd1d357843731198a47,1991,identical
external_repos/Time-Series-Library/scripts/long_term_forecast/Weather_script/FiLM.sh,2531a6861626347a22c5ab6595ad5eae45cb9d31d6a887e09ada1c5bc272396b,1704,identical
external_repos/Time-Series-Library/scripts/long_term_forecast/Weather_script/iTransformer.sh,a38830e9791b5ecdafb218b1b29942b3500df2ff1a59453ec9aa25c944b12c1c,1898,identical
external_repos/Time-Series-Library/scripts/long_term_forecast/Weather_script/Mamba.sh,914aac0ee2f564426f815af0d84db3fe729a58ed20fff33bfbd792c272be25a8,550,identical
external_repos/Time-Series-Library/scripts/long_term_forecast/Weather_script/MICN.sh,439b3137019dce714124566a437fde2da904476459919e4cf5461a4a17901a12,1984,identical
external_repos/Time-Series-Library/scripts/long_term_forecast/Weather_script/MultiPatchFormer.sh,f58c31e99e890a7914025513b1e3d800960709bd197e45430c4e1f27ab84c2e4,1920,identical
external_repos/Time-Series-Library/scripts/long_term_forecast/Weather_script/Nonstationary_Transformer.sh,b05745c03bb8826411113b5e2f06cf29a1ac901f421daaddb864a610e3546bea,2005,identical
external_repos/Time-Series-Library/scripts/long_term_forecast/Weather_script/PatchTST.sh,2769f5cf31701fbe9b7b2ad70443bcbd158d0028d73b9d550fdd10cd76ef029b,1951,identical
external_repos/Time-Series-Library/scripts/long_term_forecast/Weather_script/Pyraformer.sh,f9afc9639c6c26c3754452dcc407f02aa9b15d6ad9c8a79268054d25feef7f23,1774,identical
external_repos/Time-Series-Library/scripts/long_term_forecast/Weather_script/SegRNN.sh,78e9914474ea0b73497594da0faa5b57f9f8319055571316c6395c4fbbb7ae53,538,identical
external_repos/Time-Series-Library/scripts/long_term_forecast/Weather_script/TimeMixer.sh,3e9097ce172a6e20eb89e3b171c13c11bac30365b50bb316d95e8cceb2859198,3114,identical
external_repos/Time-Series-Library/scripts/long_term_forecast/Weather_script/TimesNet.sh,25905dad5e94dd46e2c0d66b2f7f66a99975f52f1ba26a15f9e63b62c6bb24e0,1988,identical
external_repos/Time-Series-Library/scripts/long_term_forecast/Weather_script/TimeXer.sh,858aad1c8af6d5ce80ef600a0857f7723cb8fc539d9d46699d7412e07fb147c9,1870,identical
external_repos/Time-Series-Library/scripts/long_term_forecast/Weather_script/Transformer.sh,ed39262230e619cda5397ce545572022aa5a6687029b3ad0bf31fb97581f6024,1775,identical
external_repos/Time-Series-Library/scripts/long_term_forecast/Weather_script/TSMixer.sh,40ad60c03778d4a59f617a8071748d8d595b80876175e3e61576d6fc4b07bdff,1918,identical
external_repos/Time-Series-Library/scripts/long_term_forecast/Weather_script/WPMixer.sh,22d5ab1ddf5b621662870831a9323b266f9ab2f3dfe008631675271778d9e2b6,1281,identical
external_repos/Time-Series-Library/scripts/short_term_forecast/Autoformer_M4.sh,d1621c1f115413d3aa267911548628cd1f543761847fe1fd451f0ee179103a96,2714,identical
external_repos/Time-Series-Library/scripts/short_term_forecast/Crossformer_M4.sh,669a5ccd4a73ffce40b528b9df831ef762fb4b50718b0ba2b72c444e14e6c785,2887,identical
external_repos/Time-Series-Library/scripts/short_term_forecast/DLinear_M4.sh,1ca33d7bbc2f4dc95675a629a8467702ffa2f65131c4906ad0d76dcd7283448d,2711,identical
external_repos/Time-Series-Library/scripts/short_term_forecast/ETSformer_M4.sh,f5f3aa94df1a646bdab94d7318f376f0e0c46f978a866553da6fb074c6bdbe8b,2714,identical
external_repos/Time-Series-Library/scripts/short_term_forecast/FEDformer_M4.sh,3d0448cadca905f67be5a12686de0818ee2227eb0b56f3b266763158cc6a24de,2713,identical
external_repos/Time-Series-Library/scripts/short_term_forecast/FiLM_M4.sh,e39717af62ba35670cb9f4dd562c64617fca5367ea95d23531f2fcf73a4a66bd,2880,identical
external_repos/Time-Series-Library/scripts/short_term_forecast/Informer_M4.sh,935a034c353fe11c37416a9c6a6f60e3741f0b5533483b8e0b564212031d0b41,2712,identical
external_repos/Time-Series-Library/scripts/short_term_forecast/iTransformer_M4.sh,412df572aff9a2d53c514d8d50ac3725bf77235ea013a762c6389cfc5f59cdcc,2714,identical
external_repos/Time-Series-Library/scripts/short_term_forecast/LightTS_M4.sh,1953bb59bd346d6d6f0f707a56d273638d5936ed9861fb8046822863579b020b,2711,identical
external_repos/Time-Series-Library/scripts/short_term_forecast/Mamba_M4.sh,2d54648ffabbebe2ec1c69021625134476ee9e3dc86b253c05b98e2f8af924b8,2693,identical
external_repos/Time-Series-Library/scripts/short_term_forecast/MICN_M4.sh,6e46fd2f4d9160419ccaf2e668812a8539f4061445e8917c7f45ee54b1171c78,2880,identical
external_repos/Time-Series-Library/scripts/short_term_forecast/Nonstationary_Transformer_M4.sh,dbee3fc1f54e3c757eb2d51a99190f63de26a9e78865079a27cfaddd7c47661c,3051,identical
external_repos/Time-Series-Library/scripts/short_term_forecast/Pyraformer_M4.sh,1074d6d1f6b51465de46b5fd89473d16a832e7d8ecb76fc978330f2010c94826,2714,identical
external_repos/Time-Series-Library/scripts/short_term_forecast/Reformer_M4.sh,5fc0b9cb79918a6062f9b2190bfbea17b2f123a8207272d343efec997246e5e3,2712,identical
external_repos/Time-Series-Library/scripts/short_term_forecast/TimeMixer_M4.sh,31aa958d1e4365b92b1391d938ce5d46de442df40f065ff76da5a4b937715111,4103,identical
external_repos/Time-Series-Library/scripts/short_term_forecast/TimesNet_M4.sh,372949fb46709207ddc5a1ca944e88d9bc71ade581d5fe520247469da19e3180,2886,identical
external_repos/Time-Series-Library/scripts/short_term_forecast/Transformer_M4.sh,403b5454c572802a1e5450040c22b3c76fc141237ec1e303ff4739fa8946f75f,2713,identical
external_repos/Time-Series-Library/scripts/short_term_forecast/TSMixer_M4.sh,e3cf8e1f6cb65e849b26039018b3870d43f6d4f1758b08c985cde5d71b375011,2707,identical
external_repos/Time-Series-Library/utils/__init__.py,e3b0c44298fc1c149afbf4c8996fb92427ae41e4649b934ca495991b7852b855,0,identical
external_repos/Time-Series-Library/utils/ADFtest.py,d8c0aa292211c5b4613964d7ad1e12e34806ed3404e55d2095b42c1d8428af4b,2563,identical
external_repos/Time-Series-Library/utils/augmentation.py,a7c150952e9da97298276d451eb2e7374aeebe5de5e9bc7306f89e4200c766e2,19668,identical
external_repos/Time-Series-Library/utils/dtw.py,1d68b4adea727bbccd89367622963c44471cf6e02f21bc8f5c72805e1a4b4e49,7419,identical
external_repos/Time-Series-Library/utils/dtw_metric.py,45ef00b9edf1a4bacfc5bf187d26442666d85390a4ac54a82e7c700b2ef7bc9b,5972,identical
external_repos/Time-Series-Library/utils/losses.py,0f401a20774cabea4e2ddf5e2f0acf66a606e9d783733e19cbf3dc52da5313a3,3548,identical
external_repos/Time-Series-Library/utils/m4_summary.py,4ac27f12c37c431ea38b68ac318aab6ec5b96910aaff6a88325740410430252e,6314,identical
external_repos/Time-Series-Library/utils/masking.py,c22de70ad076f4eeecc857aba984741da05da54375333399ff2742b041544986,858,identical
external_repos/Time-Series-Library/utils/metrics.py,9e1395be82d38f9e5628e64ef607deef6b38ccd22b46556922865a23f7eff48e,907,identical
external_repos/Time-Series-Library/utils/print_args.py,5d395a3a4f203782344c1aa9ed24c9ddf49a94cfd091cf9a6993083afd008822,3199,identical
external_repos/Time-Series-Library/utils/timefeatures.py,ec08852581cedb577b42df903c9bc962041c7258bd38a007c71bad94cde1e4a2,4517,identical
external_repos/Time-Series-Library/utils/tools.py,622aa38864b8ddf5c3175ad04523f08d27eb9f943ce3041280cc29c49ff924ae,3814,identical
MAIN_EXPERIMENT_HASH_CHECK.csv,4fa712b1ee1d0dfd1219ec57d8167864b3731d258f1d7cabbc019dad6ff5228d,1717,identical
mri_software_versions.txt,194b51baad63ce8174718de21a96bc143e21e973290a1c2174fcbaf1c00830c7,981,identical
mte_environment.yml,79512c873724ebda845bb4966aa18a27e7ea33b21c1c81f37032d0b9b282ac0f,1641,release_document_or_environment_edit
mte_requirements.txt,69cfdb903cb42caf3d0e5d83a2af6d594934a219654ddaf952aefde9c8a6ba10,523,identical
preprocessing/BN_JHU/MNI/BN_id_list.txt,b30ef66579a6de64688b58d258f45e3843c49796c58154191a7deaa8ab29efb8,876,identical
preprocessing/BN_JHU/MNI/JHU_id_list.txt,02d36ee22aefffbb3eac4f90f703dd0be636851031144132b43af85384a2afcd,141,identical
preprocessing/BN_JHU/scripts/extract_bn_jhu_metrics.sh,297179323d74bff4eeb8404fd0808603e3339edb02668b119016df7dbe326ad3,2821,identical
preprocessing/BN_JHU/scripts/reg_bn_jhu.sh,7ac2b978568886e8c2ae5fa802242fbf8535ab36c8bd8b280e9911e2046ee43b,4694,identical
preprocessing/BN_JHU/scripts/run_bn_jhu.sh,52d8c21fa91df1cec35ec361d9c016a8429a8a588bef7236b39f517d27aacf6a,1396,identical
preprocessing/BN_JHU/scripts/split_bn_jhu.sh,0ab288b51ef926a869c4ff099215c9ec84bef3e88229d0d84021f7e977aef303,2810,identical
preprocessing/dipy/fit_DKI.py,9a44065d114fbd742c2bd8f5c95e6f29bcda8010e7709c764f4438d06e9f3221,4716,identical
preprocessing/dipy/fit_DTI.py,0a726d91a883996186bab79717df37a2037384acb90d24d2d49bf77819ee3a61,7565,identical
preprocessing/dipy/fit_DTI_RESTORE.py,5ad211202769dd01dafb59b307e8ac730ccb387890f984bc3fb874d3dcb9b815,3735,identical
preprocessing/dipy/fit_FORECAST.py,5af480acb459a390595d137ec8e1ff645c92f7a732235899df642750129862c7,3174,identical
preprocessing/dipy/fit_FreeWater.py,6a7d68a89f4cc9bcdff6305e31ab471826e17515e49014e21a8be862d14be6cc,5806,identical
preprocessing/dipy/fit_GQI.py,26809cb49813124c91a47709f43ecf54d8d96f6e2bfa1dec0b78499a18916061,4474,identical
preprocessing/dipy/fit_IVIM.py,c7e4e07bf344a80d0a917e8f9f00cca25040c0e8e392408171a3e742683b4738,4438,identical
preprocessing/dipy/fit_MSDKI.py,ad6ed01c5a062edf94edea92720fb068a4ac1a6cfdfb6d3a537c4098b3817848,5569,identical
preprocessing/dipy/fit_NODDI.py,b40010914cb8ee41b129c9b92a3113dd4e932a54b804be03c3edbcdcdbf475cb,2078,identical
preprocessing/dipy/fit_WMTI.py,204a93451c3a8edc819da80db869100890729c101fa19df180c15e9fc13611df,3528,identical
preprocessing/dipy/mte3_clean_rs_then_mean.sh,eebe93e82bfeb3643f4191f3addb739517a85647493020670781957601835231,11040,identical
preprocessing/dipy/mte_lesion_metrics_rs_mean.sh,91be3e44b981c8cdb6e439da385f2e6320ea1691314c593870ab8ef15f3fbaa7,7097,identical
preprocessing/dipy/QC_MTE3_clean.py,721b6ee02bb0d0e126367ab2ecae803a65d6141dc022cbdfb4210a6e42f23b4b,5044,identical
preprocessing/dipy/register_all_subjects_atlas_to_dwi_parallel.sh,886ab28a43eb63ef05bca4b7cce387ad2a507d55d2099604df9ef81540a65dc1,4277,identical
README.md,8a3ee75852ddf35b920e9a9180a8b0b816aca59edf1f37a80f4e7e0873c99e02,6940,added_for_public_release
scripts/04_setup_extra_repos.sh,896a7f8e2a2fc3d741a0cc988d02841d359e525590ee2e349ac19df753f057e7,1677,identical
scripts/05_add_lesion_masks.sh,ee2ac6909e8f12350a6d646fee52dd36b91107af8f13c79f87bf2cf48481e9aa,1213,identical
scripts/06_extract_lesion_metrics.sh,91c3c4c1c5641b0fc53a925b95e1f9bbd553c86d97d4985e3a3d005ff4fa8244,4113,identical
scripts/08_prepare_lesion_csv.sh,f8b9d266e0912fab3b936fd27f46db124786a65282578c50fd07045d0426bb5b,558,identical
scripts/40_sciencedb_audit.sh,49ff9e3c8a52898506891ad0339e8e71c37b0add26cb504e76738ce03897bfe0,420,identical
scripts/40b_sciencedb_make_bn_jhu_masks.sh,09efae46535e6443bac81a7d75e5d3c1897cd4624604fc5daf33bbcde30be889,4442,identical
scripts/46_sciencedb_extract_metrics_qc.sh,a6b4c1de22bbeb8af0fdfc50742eb804ba58744f0ee3d5a9677272381a3fc888,1851,identical
scripts/60_prepare_incomplete_te_matrix.sh,df3c90a4b5db38e86315b10ff7274a66a41f5718276ae2322fd85211cac07b60,433,identical
scripts/62_run_masked_te_pretrain_loso.sh,95c90c0263fa322307d64fbbac6c2037a9218762e13094cc8b3f2b62577df557,1096,identical
scripts/87_run_target_exports.sh,6c72375c7d60b64e5a799a97444dd0d2a2bb5d9d50fc56d16979d5fcee9f7c1a,619,identical
scripts/89_run_minimum_te_ablation.sh,63b57ab197040305eeb99ea44887d61be9371109657b9a81f704e9cb11df617c,383,identical
scripts/90_run_two_te_pair_ablation.sh,ca2d92b740fb08554bb504533885ebda104ae415fdae15f509ef9e8144c9e1f1,1782,identical
scripts/91_run_pretraining_matched_control.sh,9678b59de41efe233cde7bcc19296169d08bb6d6ad96a6a0f7ecdca641e999ad,508,identical
THIRD_PARTY_NOTICES.md,275782fa0fc01e186100831cd6de8a79278c6e1507e2a9c68fc594666665986d,1395,added_for_public_release
