previous_path,public_path
code/00_common.py,teprediction/common.py
code/01_audit_prepare.py,teprediction/prepare.py
code/03_train_neural.py,teprediction/models.py
code/73_train_extra_models.py,teprediction/mole.py
code/clean_code/01_train_table1_clean49.py,teprediction/train.py
code/clean_code/02_summarize_table1_s1.py,teprediction/summarize.py
code/42_external_test_sciencedb.py,teprediction/external_data.py
code/clean_code/08_sciencedb_external_clean49.py,teprediction/external.py
code/41_interpolate_sciencedb_metrics.py,teprediction/interpolate.py
code/60_prepare_incomplete_te_matrix.py,teprediction/prepare_incomplete.py
code/61_masked_te_pretrain_itransformer.py,teprediction/pretrain_itransformer.py
code/76_masked_te_pretrain_extra_models.py,teprediction/pretrain_mole.py
code/81_masked_te_pretrain_base_models.py,teprediction/pretrain_baselines.py
code/91_pretraining_matched_control.py,teprediction/matched_pretraining.py
code/87_export_loso_target_predictions.py,teprediction/export_predictions.py
code/89_minimum_te_ablation.py,teprediction/input_te_count.py
code/90_two_te_pair_ablation.py,teprediction/te_pairs.py
code/51_leave_one_te_out_base_models.py,teprediction/leave_one_te.py
code/74_extra_leave_one_te_out.py,teprediction/leave_one_te_mole.py
code/clean_code/05_linear_extrapolation_clean49.py,teprediction/linear_reference.py
code/clean_code/10_native_unit_all38.py,teprediction/native_units.py
code/clean_code/11_metricwise_standardized_mae.py,teprediction/metric_errors.py
code/clean_code/14_train_wmti_gm_exclusion_retrain.py,teprediction/wmti_sensitivity.py
code/clean_code/15_summarize_wmti_gm_exclusion_retrain.py,teprediction/summarize_wmti.py
code/clean_code/16_train_kernel_sensitivity_clean49.py,teprediction/kernel_sensitivity.py
code/clean_code/17_summarize_kernel_sensitivity_clean49.py,teprediction/summarize_kernel.py
code/clean_code/04_recompute_roi_disease_clean49.py (numerical summaries only),teprediction/evaluate.py
