"ROI_ID","atlas","prefix","numeric_id","roi_name"
"G_1","BN","G","1","A8m_L"
"G_2","BN","G","2","A8m_R"
"G_3","BN","G","3","A8dl_L"
"G_4","BN","G","4","A8dl_R"
"G_5","BN","G","5","A9l_L"
"G_6","BN","G","6","A9l_R"
"G_7","BN","G","7","A6dl_L"
"G_8","BN","G","8","A6dl_R"
"G_9","BN","G","9","A6m_L"
"G_10","BN","G","10","A6m_R"
"G_11","BN","G","11","A9m_L"
"G_12","BN","G","12","A9m_R"
"G_13","BN","G","13","A10m_L"
"G_14","BN","G","14","A10m_R"
"G_15","BN","G","15","A9/46d_L"
"G_16","BN","G","16","A9/46d_R"
"G_17","BN","G","17","IFJ_L"
"G_18","BN","G","18","IFJ_R"
"G_19","BN","G","19","A46_L"
"G_20","BN","G","20","A46_R"
"G_21","BN","G","21","A9/46v_L"
"G_22","BN","G","22","A9/46v_R"
"G_23","BN","G","23","A8vl_L"
"G_24","BN","G","24","A8vl_R"
"G_25","BN","G","25","A6vl_L"
"G_26","BN","G","26","A6vl_R"
"G_27","BN","G","27","A10l_L"
"G_28","BN","G","28","A10l_R"
"G_29","BN","G","29","A44d_L"
"G_30","BN","G","30","A44d_R"
"G_31","BN","G","31","IFS_L"
"G_32","BN","G","32","IFS_R"
"G_33","BN","G","33","A45c_L"
"G_34","BN","G","34","A45c_R"
"G_35","BN","G","35","A45r_L"
"G_36","BN","G","36","A45r_R"
"G_37","BN","G","37","A44op_L"
"G_38","BN","G","38","A44op_R"
"G_39","BN","G","39","A44v_L"
"G_40","BN","G","40","A44v_R"
"G_41","BN","G","41","A14m_L"
"G_42","BN","G","42","A14m_R"
"G_43","BN","G","43","A12/47o_L"
"G_44","BN","G","44","A12/47o_R"
"G_45","BN","G","45","A11l_L"
"G_46","BN","G","46","A11l_R"
"G_47","BN","G","47","A11m_L"
"G_48","BN","G","48","A11m_R"
"G_49","BN","G","49","A13_L"
"G_50","BN","G","50","A13_R"
"G_51","BN","G","51","A12/47l_L"
"G_52","BN","G","52","A12/47l_R"
"G_53","BN","G","53","A4hf_L"
"G_54","BN","G","54","A4hf_R"
"G_55","BN","G","55","A6cdl_L"
"G_56","BN","G","56","A6cdl_R"
"G_57","BN","G","57","A4ul_L"
"G_58","BN","G","58","A4ul_R"
"G_59","BN","G","59","A4t_L"
"G_60","BN","G","60","A4t_R"
"G_61","BN","G","61","A4tl_L"
"G_62","BN","G","62","A4tl_R"
"G_63","BN","G","63","A6cvl_L"
"G_64","BN","G","64","A6cvl_R"
"G_65","BN","G","65","A1/2/3ll_L"
"G_66","BN","G","66","A1/2/3ll_R"
"G_67","BN","G","67","A4ll_L"
"G_68","BN","G","68","A4ll_R"
"G_69","BN","G","69","A38m_L"
"G_70","BN","G","70","A38m_R"
"G_71","BN","G","71","A41/42_L"
"G_72","BN","G","72","A41/42_R"
"G_73","BN","G","73","TE1.0/TE1.2_L"
"G_74","BN","G","74","TE1.0/TE1.2_R"
"G_75","BN","G","75","A22c_L"
"G_76","BN","G","76","A22c_R"
"G_77","BN","G","77","A38l_L"
"G_78","BN","G","78","A38l_R"
"G_79","BN","G","79","A22r_L"
"G_80","BN","G","80","A22r_R"
"G_81","BN","G","81","A21c_L"
"G_82","BN","G","82","A21c_R"
"G_83","BN","G","83","A21r_L"
"G_84","BN","G","84","A21r_R"
"G_85","BN","G","85","A37dl_L"
"G_86","BN","G","86","A37dl_R"
"G_87","BN","G","87","aSTS_L"
"G_88","BN","G","88","aSTS_R"
"G_89","BN","G","89","A20iv_L"
"G_90","BN","G","90","A20iv_R"
"G_91","BN","G","91","A37elv_L"
"G_92","BN","G","92","A37elv_R"
"G_93","BN","G","93","A20r_L"
"G_94","BN","G","94","A20r_R"
"G_95","BN","G","95","A20il_L"
"G_96","BN","G","96","A20il_R"
"G_97","BN","G","97","A37vl_L"
"G_98","BN","G","98","A37vl_R"
"G_99","BN","G","99","A20cl_L"
"G_100","BN","G","100","A20cl_R"
"G_101","BN","G","101","A20cv_L"
"G_102","BN","G","102","A20cv_R"
"G_103","BN","G","103","A20rv_L"
"G_104","BN","G","104","A20rv_R"
"G_105","BN","G","105","A37mv_L"
"G_106","BN","G","106","A37mv_R"
"G_107","BN","G","107","A37lv_L"
"G_108","BN","G","108","A37lv_R"
"G_109","BN","G","109","A35/36r_L"
"G_110","BN","G","110","A35/36r_R"
"G_111","BN","G","111","A35/36c_L"
"G_112","BN","G","112","A35/36c_R"
"G_113","BN","G","113","TL_L"
"G_114","BN","G","114","TL_R"
"G_115","BN","G","115","A28/34_L"
"G_116","BN","G","116","A28/34_R"
"G_117","BN","G","117","TI_L"
"G_118","BN","G","118","TI_R"
"G_119","BN","G","119","TH_L"
"G_120","BN","G","120","TH_R"
"G_121","BN","G","121","rpSTS_L"
"G_122","BN","G","122","rpSTS_R"
"G_123","BN","G","123","cpSTS_L"
"G_124","BN","G","124","cpSTS_R"
"G_125","BN","G","125","A7r_L"
"G_126","BN","G","126","A7r_R"
"G_127","BN","G","127","A7c_L"
"G_128","BN","G","128","A7c_R"
"G_129","BN","G","129","A5l_L"
"G_130","BN","G","130","A5l_R"
"G_131","BN","G","131","A7pc_L"
"G_132","BN","G","132","A7pc_R"
"G_133","BN","G","133","A7ip_L"
"G_134","BN","G","134","A7ip_R"
"G_135","BN","G","135","A39c_L"
"G_136","BN","G","136","A39c_R"
"G_137","BN","G","137","A39rd_L"
"G_138","BN","G","138","A39rd_R"
"G_139","BN","G","139","A40rd_L"
"G_140","BN","G","140","A40rd_R"
"G_141","BN","G","141","A40c_L"
"G_142","BN","G","142","A40c_R"
"G_143","BN","G","143","A39rv_L"
"G_144","BN","G","144","A39rv_R"
"G_145","BN","G","145","A40rv_L"
"G_146","BN","G","146","A40rv_R"
"G_147","BN","G","147","A7m_L"
"G_148","BN","G","148","A7m_R"
"G_149","BN","G","149","A5m_L"
"G_150","BN","G","150","A5m_R"
"G_151","BN","G","151","dmPOS_L"
"G_152","BN","G","152","dmPOS_R"
"G_153","BN","G","153","A31_L"
"G_154","BN","G","154","A31_R"
"G_155","BN","G","155","A1/2/3ulhf_L"
"G_156","BN","G","156","A1/2/3ulhf_R"
"G_157","BN","G","157","A1/2/3tonIa_L"
"G_158","BN","G","158","A1/2/3tonIa_R"
"G_159","BN","G","159","A2_L"
"G_160","BN","G","160","A2_R"
"G_161","BN","G","161","A1/2/3tru_L"
"G_162","BN","G","162","A1/2/3tru_R"
"G_163","BN","G","163","G_L"
"G_164","BN","G","164","G_R"
"G_165","BN","G","165","vIa_L"
"G_166","BN","G","166","vIa_R"
"G_167","BN","G","167","dIa_L"
"G_168","BN","G","168","dIa_R"
"G_169","BN","G","169","vId/vIg_L"
"G_170","BN","G","170","vId/vIg_R"
"G_171","BN","G","171","dIg_L"
"G_172","BN","G","172","dIg_R"
"G_173","BN","G","173","dId_L"
"G_174","BN","G","174","dId_R"
"G_175","BN","G","175","A23d_L"
"G_176","BN","G","176","A23d_R"
"G_177","BN","G","177","A24rv_L"
"G_178","BN","G","178","A24rv_R"
"G_179","BN","G","179","A32p_L"
"G_180","BN","G","180","A32p_R"
"G_181","BN","G","181","A23v_L"
"G_182","BN","G","182","A23v_R"
"G_183","BN","G","183","A24cd_L"
"G_184","BN","G","184","A24cd_R"
"G_185","BN","G","185","A23c_L"
"G_186","BN","G","186","A23c_R"
"G_187","BN","G","187","A32sg_L"
"G_188","BN","G","188","A32sg_R"
"G_189","BN","G","189","cLinG_L"
"G_190","BN","G","190","cLinG_R"
"G_191","BN","G","191","rCunG_L"
"G_192","BN","G","192","rCunG_R"
"G_193","BN","G","193","cCunG_L"
"G_194","BN","G","194","cCunG_R"
"G_195","BN","G","195","rLinG_L"
"G_196","BN","G","196","rLinG_R"
"G_197","BN","G","197","vmPOS_L"
"G_198","BN","G","198","vmPOS_R"
"G_199","BN","G","199","mOccG_L"
"G_200","BN","G","200","mOccG_R"
"G_201","BN","G","201","V5/MT+_L"
"G_202","BN","G","202","V5/MT+_R"
"G_203","BN","G","203","OPC_L"
"G_204","BN","G","204","OPC_R"
"G_205","BN","G","205","iOccG_L"
"G_206","BN","G","206","iOccG_R"
"G_207","BN","G","207","msOccG_L"
"G_208","BN","G","208","msOccG_R"
"G_209","BN","G","209","lsOccG_L"
"G_210","BN","G","210","lsOccG_R"
"G_211","BN","G","211","mAmyg_L"
"G_212","BN","G","212","mAmyg_R"
"G_213","BN","G","213","lAmyg_L"
"G_214","BN","G","214","lAmyg_R"
"G_215","BN","G","215","rHipp_L"
"G_216","BN","G","216","rHipp_R"
"G_217","BN","G","217","cHipp_L"
"G_218","BN","G","218","cHipp_R"
"G_219","BN","G","219","vCa_L"
"G_220","BN","G","220","vCa_R"
"G_221","BN","G","221","GP_L"
"G_222","BN","G","222","GP_R"
"G_223","BN","G","223","NAC_L"
"G_224","BN","G","224","NAC_R"
"G_225","BN","G","225","vmPu_L"
"G_226","BN","G","226","vmPu_R"
"G_227","BN","G","227","dCa_L"
"G_228","BN","G","228","dCa_R"
"G_229","BN","G","229","dlPu_L"
"G_230","BN","G","230","dlPu_R"
"G_231","BN","G","231","mPFtha_L"
"G_232","BN","G","232","mPFtha_R"
"G_233","BN","G","233","mPMtha_L"
"G_234","BN","G","234","mPMtha_R"
"G_235","BN","G","235","Stha_L"
"G_236","BN","G","236","Stha_R"
"G_237","BN","G","237","rTtha_L"
"G_238","BN","G","238","rTtha_R"
"G_239","BN","G","239","PPtha_L"
"G_240","BN","G","240","PPtha_R"
"G_241","BN","G","241","Otha_L"
"G_242","BN","G","242","Otha_R"
"G_243","BN","G","243","cTtha_L"
"G_244","BN","G","244","cTtha_R"
"G_245","BN","G","245","lPFtha_L"
"G_246","BN","G","246","lPFtha_R"
"W_1","JHU","W","1","Middle cerebellar peduncle"
"W_2","JHU","W","2","Pontine crossing tract (a part of MCP)"
"W_3","JHU","W","3","Genu of corpus callosum"
"W_4","JHU","W","4","Body of corpus callosum"
"W_5","JHU","W","5","Splenium of corpus callosum"
"W_6","JHU","W","6","Fornix (column and body of fornix)"
"W_7","JHU","W","7","Corticospinal tract R"
"W_8","JHU","W","8","Corticospinal tract L"
"W_9","JHU","W","9","Medial lemniscus R"
"W_10","JHU","W","10","Medial lemniscus L"
"W_11","JHU","W","11","Inferior cerebellar peduncle R"
"W_12","JHU","W","12","Inferior cerebellar peduncle L"
"W_13","JHU","W","13","Superior cerebellar peduncle R"
"W_14","JHU","W","14","Superior cerebellar peduncle L"
"W_15","JHU","W","15","Cerebral peduncle R"
"W_16","JHU","W","16","Cerebral peduncle L"
"W_17","JHU","W","17","Anterior limb of internal capsule R"
"W_18","JHU","W","18","Anterior limb of internal capsule L"
"W_19","JHU","W","19","Posterior limb of internal capsule R"
"W_20","JHU","W","20","Posterior limb of internal capsule L"
"W_21","JHU","W","21","Retrolenticular part of internal capsule R"
"W_22","JHU","W","22","Retrolenticular part of internal capsule L"
"W_23","JHU","W","23","Anterior corona radiata R"
"W_24","JHU","W","24","Anterior corona radiata L"
"W_25","JHU","W","25","Superior corona radiata R"
"W_26","JHU","W","26","Superior corona radiata L"
"W_27","JHU","W","27","Posterior corona radiata R"
"W_28","JHU","W","28","Posterior corona radiata L"
"W_29","JHU","W","29","Posterior thalamic radiation (include optic radiation) R"
"W_30","JHU","W","30","Posterior thalamic radiation (include optic radiation) L"
"W_31","JHU","W","31","Sagittal stratum (include inferior longitidinal fasciculus and inferior fronto-occipital fasciculus) R"
"W_32","JHU","W","32","Sagittal stratum (include inferior longitidinal fasciculus and inferior fronto-occipital fasciculus) L"
"W_33","JHU","W","33","External capsule R"
"W_34","JHU","W","34","External capsule L"
"W_35","JHU","W","35","Cingulum (cingulate gyrus) R"
"W_36","JHU","W","36","Cingulum (cingulate gyrus) L"
"W_37","JHU","W","37","Cingulum (hippocampus) R"
"W_38","JHU","W","38","Cingulum (hippocampus) L"
"W_39","JHU","W","39","Fornix (cres) / Stria terminalis (can not be resolved with current resolution) R"
"W_40","JHU","W","40","Fornix (cres) / Stria terminalis (can not be resolved with current resolution) L"
"W_41","JHU","W","41","Superior longitudinal fasciculus R"
"W_42","JHU","W","42","Superior longitudinal fasciculus L"
"W_43","JHU","W","43","Superior fronto-occipital fasciculus (could be a part of anterior internal capsule) R"
"W_44","JHU","W","44","Superior fronto-occipital fasciculus (could be a part of anterior internal capsule) L"
"W_45","JHU","W","45","Inferior fronto-occipital fasciculus R"
"W_46","JHU","W","46","Inferior fronto-occipital fasciculus L"
"W_47","JHU","W","47","Uncinate fasciculus R"
"W_48","JHU","W","48","Uncinate fasciculus L"
"W_49","JHU","W","49","Tapetum R"
"W_50","JHU","W","50","Tapetum L"
